player_key,player_name,team_alias,position,inches,weight,age,off,def,tot,tot_change,off_rk,def_rk,tot_rk
victor wembanyama,Victor Wembanyama,SAS,F-C,88,235,22,3.80731,3.99967,7.807,,11,1,1
nikola jokic,Nikola Jokic,DEN,C,83,284,31,6.39257,0.944269,7.3368,,1,67,2
kawhi leonard,Kawhi Leonard,LAC,F,78,225,34,6.15694,1.14048,7.2974,,2,48,3
shai gilgeous-alexander,Shai Gilgeous-Alexander,OKC,G,78,195,27,5.67336,1.34407,7.0174,,5,36,4
giannis antetokounmpo,Giannis Antetokounmpo,MIL,F,83,243,31,5.51294,1.13833,6.6513,,6,49,5
luka doncic,Luka Doncic,LAL,F-G,80,230,27,5.92514,0.479559,6.4047,,4,120,6
lamelo ball,LaMelo Ball,CHA,G,79,180,24,5.94108,-0.802321,5.1388,,3,407,7
ty jerome,Ty Jerome,MEM,G-F,77,195,28,5.17281,-0.120556,5.0523,,8,224,8
karl-anthony towns,Karl-Anthony Towns,NYK,C-F,84,248,30,2.89438,1.7358,4.6302,,26,24,9
chet holmgren,Chet Holmgren,OKC,C-F,85,208,24,1.82207,2.75886,4.5809,,49,6,10
jimmy butler iii,Jimmy Butler III,GSW,F,78,230,36,3.22567,1.25028,4.4759,,20,44,11
stephen curry,Stephen Curry,GSW,G,74,185,38,5.27385,-0.837379,4.4365,,7,416,12
jayson tatum,Jayson Tatum,BOS,F-G,80,210,28,3.44398,0.920719,4.3647,,18,69,13
joel embiid,Joel Embiid,PHI,C-F,84,270,32,3.63782,0.665546,4.3034,,12,98,14
bam adebayo,Bam Adebayo,MIA,C-F,81,260,28,2.10509,1.79854,3.9036,,36,23,15
franz wagner,Franz Wagner,ORL,F,82,220,24,1.86658,1.87535,3.7419,,46,17,16
tyrese haliburton,Tyrese Haliburton,IND,G,77,185,26,3.57544,0.154636,3.7301,,16,167,17
jarrett allen,Jarrett Allen,CLE,C,81,243,28,2.41394,1.31305,3.727,,33,37,18
cade cunningham,Cade Cunningham,DET,G,78,220,24,2.72901,0.925685,3.6547,,28,68,19
donovan mitchell,Donovan Mitchell,CLE,G,74,215,29,3.60257,0.051386,3.654,,14,186,20
lauri markkanen,Lauri Markkanen,UTA,F-C,85,240,29,3.37351,0.278994,3.6525,,19,146,21
kyrie irving,Kyrie Irving,DAL,G,74,195,34,3.21818,0.316187,3.5344,,21,137,22
paul reed,Paul Reed,DET,F,81,210,26,1.56481,1.90975,3.4746,,60,15,23
dyson daniels,Dyson Daniels,ATL,G,79,199,23,0.866126,2.59637,3.4625,,100,7,24
ausar thompson,Ausar Thompson,DET,G-F,79,205,23,-0.498933,3.64469,3.1458,,220,2,25
isaiah hartenstein,Isaiah Hartenstein,OKC,C-F,84,250,28,1.10612,2.01278,3.1189,,79,13,26
scottie barnes,Scottie Barnes,TOR,F-G,80,237,24,1.2689,1.8371,3.106,,69,19,27
ajay mitchell,Ajay Mitchell,OKC,G,76,190,23,1.07143,2.02435,3.0958,,81,12,28
neemias queta,Neemias Queta,BOS,C,84,248,26,1.08145,1.95411,3.0356,,80,14,29
amen thompson,Amen Thompson,HOU,G-F,79,200,23,1.3871,1.60705,2.9942,,65,27,30
jalen williams,Jalen Williams,OKC,G-F,77,211,25,1.64367,1.25438,2.8981,,56,43,31
devin booker,Devin Booker,PHX,G,77,206,29,3.59515,-0.720368,2.8748,,15,385,32
jalen brunson,Jalen Brunson,NYK,G,74,190,29,4.14033,-1.26774,2.8726,,9,506,33
derrick white,Derrick White,BOS,G,76,190,31,0.779193,2.08508,2.8643,,102,10,34
kevin durant,Kevin Durant,HOU,F,83,240,37,2.91158,-0.141551,2.77,,25,228,35
rudy gobert,Rudy Gobert,MIN,C,85,258,33,-0.923205,3.57877,2.6556,,276,3,36
alex caruso,Alex Caruso,OKC,G,77,186,32,-0.784431,3.40463,2.6202,,258,4,37
donovan clingan,Donovan Clingan,POR,C,86,280,22,1.90995,0.705722,2.6157,,42,94,38
kon knueppel,Kon Knueppel,CHA,G-F,78,215,20,2.66014,-0.0532692,2.6069,,30,212,39
pascal siakam,Pascal Siakam,IND,F,80,245,32,1.88988,0.711115,2.601,,43,92,40
jamal murray,Jamal Murray,DEN,G,76,215,29,4.0445,-1.46082,2.5837,,10,542,41
brandon miller,Brandon Miller,CHA,F,79,200,23,2.0623,0.498778,2.5611,,37,116,42
payton pritchard,Payton Pritchard,BOS,G,73,195,28,3.06668,-0.514367,2.5523,,23,315,43
jrue holiday,Jrue Holiday,POR,G,76,220,36,0.991309,1.54127,2.5326,,88,28,44
og anunoby,OG Anunoby,NYK,F-G,79,240,28,1.45685,1.05138,2.5082,,64,58,45
darius garland,Darius Garland,LAC,G,73,192,26,3.2049,-0.709179,2.4957,,22,377,46
michael porter jr.,Michael Porter Jr.,BKN,F,82,218,27,3.62846,-1.15348,2.475,,13,483,47
austin reaves,Austin Reaves,LAL,G,77,197,28,2.45306,-0.113971,2.3391,,32,221,48
kristaps porzingis,Kristaps Porzingis,GSW,F-C,86,240,30,1.98066,0.308917,2.2896,,39,139,49
de'aaron fox,De'Aaron Fox,SAS,G,75,185,28,1.88016,0.355778,2.2359,,44,129,50
dylan harper,Dylan Harper,SAS,G,77,215,20,0.45462,1.72711,2.1817,,118,25,51
moses moody,Moses Moody,GSW,G,77,211,24,0.505578,1.63833,2.1439,,117,26,52
lebron james,LeBron James,LAL,F,81,250,41,1.58625,0.55749,2.1437,,58,110,53
stephon castle,Stephon Castle,SAS,G,78,215,21,0.984707,1.15291,2.1376,,91,47,54
damian lillard,Damian Lillard,POR,G,74,200,35,2.33153,-0.195927,2.1356,,34,241,55
grayson allen,Grayson Allen,PHX,G,75,198,30,2.67672,-0.578487,2.0982,,29,343,56
coby white,Coby White,CHA,G,76,210,26,2.93306,-0.83533,2.0977,,24,414,57
jalen duren,Jalen Duren,DET,C,82,250,22,1.93076,0.144286,2.075,,41,170,58
cason wallace,Cason Wallace,OKC,G,75,195,22,-0.936877,2.96288,2.026,,278,5,59
tyrese maxey,Tyrese Maxey,PHI,G,74,200,25,2.29795,-0.299492,1.9985,,35,262,60
norman powell,Norman Powell,MIA,G,76,215,33,1.70143,0.282341,1.9838,,54,145,61
ja morant,Ja Morant,MEM,G,74,174,26,1.93714,0.0153468,1.9525,,40,194,62
julian champagnie,Julian Champagnie,SAS,F,79,217,24,1.56203,0.34089,1.9029,,61,131,63
tobias harris,Tobias Harris,DET,F,80,226,33,1.15106,0.708826,1.8599,,75,93,64
mitchell robinson,Mitchell Robinson,NYK,C-F,84,240,28,0.285964,1.51253,1.7985,,133,30,65
deni avdija,Deni Avdija,POR,F,80,228,25,2.74789,-0.956829,1.7911,,27,442,66
desmond bane,Desmond Bane,ORL,G,78,215,27,1.84501,-0.0711595,1.7739,,47,216,67
fred vanvleet,Fred VanVleet,HOU,G,72,197,32,0.346384,1.39855,1.7449,,128,34,68
trae young,Trae Young,WAS,G,74,164,27,3.45097,-1.75462,1.6963,,17,574,69
marcus smart,Marcus Smart,LAL,G,75,220,32,-0.414889,2.09563,1.6807,,205,9,70
collin gillespie,Collin Gillespie,PHX,G,73,195,26,1.02856,0.631951,1.6605,,87,101,71
aaron gordon,Aaron Gordon,DEN,F,80,235,30,1.34558,0.269507,1.6151,,66,147,72
nickeil alexander-walker,Nickeil Alexander-Walker,ATL,G,77,205,27,1.2664,0.331495,1.5979,,70,133,73
anthony davis,Anthony Davis,WAS,F-C,82,253,33,0.659223,0.846829,1.5061,,107,79,74
donte divincenzo,Donte DiVincenzo,MIN,G,76,203,29,0.847694,0.622343,1.47,,101,102,75
zach edey,Zach Edey,MEM,C,87,305,24,0.349258,1.10342,1.4527,,127,53,76
paolo banchero,Paolo Banchero,ORL,F,82,250,23,0.94388,0.504687,1.4486,,95,114,77
anthony edwards,Anthony Edwards,MIN,G,76,225,24,2.02741,-0.582677,1.4447,,38,346,78
collin murray-boyles,Collin Murray-Boyles,TOR,F,79,245,21,-0.00103711,1.4412,1.4402,,160,33,79
moussa diabate,Moussa Diabate,CHA,F,82,210,24,0.414682,0.983268,1.3979,,123,64,80
jalen johnson,Jalen Johnson,ATL,F,80,219,24,0.969224,0.408313,1.3775,,93,125,81
devin vassell,Devin Vassell,SAS,G-F,77,200,25,0.548045,0.803527,1.3516,,114,82,82
immanuel quickley,Immanuel Quickley,TOR,G,74,190,26,1.51241,-0.180865,1.3315,,63,237,83
paul george,Paul George,PHI,F,80,230,36,0.0315563,1.29801,1.3296,,158,39,84
evan mobley,Evan Mobley,CLE,C,83,215,24,0.249805,1.06279,1.3126,,137,56,85
trey murphy iii,Trey Murphy III,NOP,F,80,206,25,1.83018,-0.523809,1.3064,,48,319,86
jaylen brown,Jaylen Brown,BOS,G-F,78,223,29,1.53936,-0.244971,1.2944,,62,248,87
dejounte murray,Dejounte Murray,NOP,G,76,180,29,0.986763,0.296753,1.2835,,90,142,88
rj barrett,RJ Barrett,TOR,F-G,78,214,25,1.75012,-0.472977,1.2771,,53,304,89
sam hauser,Sam Hauser,BOS,F,79,217,28,1.14526,0.0750183,1.2203,,76,181,90
james harden,James Harden,CLE,G,77,220,36,1.76783,-0.551084,1.2167,,52,336,91
jaren jackson jr.,Jaren Jackson Jr.,UTA,F-C,82,242,26,-0.0421687,1.25517,1.213,,166,42,92
luka garza,Luka Garza,BOS,C,82,243,27,2.55166,-1.34045,1.2112,,31,517,93
day'ron sharpe,Day'Ron Sharpe,BKN,C,82,265,24,0.300515,0.893484,1.194,,132,72,94
vj edgecombe,VJ Edgecombe,PHI,G,76,190,20,0.506072,0.665255,1.1713,,116,99,95
cedric coward,Cedric Coward,MEM,G,77,206,22,1.03701,0.126757,1.1638,,86,174,96
gui santos,Gui Santos,GSW,F,79,185,23,1.04332,0.0748682,1.1182,,83,182,97
jordan goodwin,Jordan Goodwin,PHX,G,75,215,27,-0.766603,1.88445,1.1178,,254,16,98
isaiah joe,Isaiah Joe,OKC,G,76,165,26,1.0406,0.0641497,1.1048,,84,183,99
domantas sabonis,Domantas Sabonis,SAC,F-C,82,240,30,1.59672,-0.494028,1.1027,,57,306,100
cooper flagg,Cooper Flagg,DAL,F,81,205,19,1.15349,-0.0664673,1.087,,74,215,101
tyler herro,Tyler Herro,MIA,G,77,205,26,1.77597,-0.701052,1.0749,,51,373,102
wendell carter jr.,Wendell Carter Jr.,ORL,C-F,82,270,27,-0.397719,1.45208,1.0544,,204,32,103
jaden mcdaniels,Jaden McDaniels,MIN,F,81,185,25,-0.0484215,1.05636,1.0079,,167,57,104
miles mcbride,Miles McBride,NYK,G,74,195,25,0.425908,0.567146,0.9931,,122,108,105
jalen suggs,Jalen Suggs,ORL,G,77,205,25,-0.8073,1.79975,0.9924,,265,22,106
sandro mamukelashvili,Sandro Mamukelashvili,TOR,F-C,81,240,27,0.873043,0.0966869,0.9697,,99,177,107
tari eason,Tari Eason,HOU,F,80,215,25,-0.495182,1.4638,0.9686,,218,31,108
josh hart,Josh Hart,NYK,G,77,215,31,-0.0874098,1.05002,0.9626,,171,59,109
obi toppin,Obi Toppin,IND,F,81,220,28,1.87592,-0.913856,0.9621,,45,435,110
jalen smith,Jalen Smith,CHI,F-C,80,244,26,0.942288,0.000564584,0.9429,,96,199,111
andrew nembhard,Andrew Nembhard,IND,G-F,76,191,26,1.25828,-0.32713,0.9311,,71,269,112
dillon brooks,Dillon Brooks,PHX,G-F,79,225,30,0.61941,0.306066,0.9255,,110,140,113
tre jones,Tre Jones,CHI,G,73,190,26,1.32149,-0.421523,0.9,,67,294,114
cameron johnson,Cameron Johnson,DEN,F,80,210,30,1.28937,-0.39274,0.8966,,68,289,115
ivica zubac,Ivica Zubac,IND,C,84,240,29,0.68086,0.214543,0.8954,,105,154,116
saddiq bey,Saddiq Bey,NOP,G-F,80,215,27,1.57449,-0.698467,0.876,,59,371,117
mikal bridges,Mikal Bridges,NYK,G-F,78,209,29,0.138387,0.722761,0.8611,,148,90,118
scotty pippen jr.,Scotty Pippen Jr.,MEM,G,74,170,25,-0.455663,1.30737,0.8517,,213,38,119
jose alvarado,Jose Alvarado,NYK,G,72,179,28,-0.184563,1.01533,0.8308,,184,63,120
jakob poeltl,Jakob Poeltl,TOR,C,84,253,30,0.189751,0.593495,0.7832,,143,106,121
de'anthony melton,De'Anthony Melton,GSW,G,74,200,28,-0.145167,0.904471,0.7593,,181,71,122
gary payton ii,Gary Payton II,GSW,G,74,195,33,0.0324022,0.711563,0.744,,157,91,123
julius randle,Julius Randle,MIN,F-C,81,250,31,0.680044,0.0592721,0.7393,,106,184,124
alperen sengun,Alperen Sengun,HOU,C,83,243,23,0.975733,-0.245505,0.7302,,92,249,125
cj mccollum,CJ McCollum,ATL,G,75,190,34,0.987084,-0.283859,0.7032,,89,259,126
zion williamson,Zion Williamson,NOP,F,78,284,25,0.688464,-0.0363297,0.6521,,103,207,127
ryan rollins,Ryan Rollins,MIL,G,75,180,23,0.896496,-0.252585,0.6439,,98,253,128
brandin podziemski,Brandin Podziemski,GSW,G,76,205,23,-0.228719,0.864417,0.6357,,187,75,129
javonte green,Javonte Green,DET,G,77,205,32,-1.2325,1.83289,0.6004,,305,20,130
robert williams iii,Robert Williams III,POR,C-F,81,249,28,-0.258366,0.855415,0.597,,191,77,131
derrick jones jr.,Derrick Jones Jr.,LAC,F,78,210,29,-0.658423,1.18113,0.5227,,242,45,132
jabari smith jr.,Jabari Smith Jr.,HOU,F,83,220,23,0.308955,0.198327,0.5073,,131,156,133
naji marshall,Naji Marshall,DAL,F,78,220,28,0.206515,0.292327,0.4988,,140,143,134
davion mitchell,Davion Mitchell,MIA,G,72,210,27,0.319337,0.168677,0.488,,130,163,135
kevin porter jr.,Kevin Porter Jr.,MIL,G-F,77,203,26,-0.0693753,0.54413,0.4748,,169,111,136
duncan robinson,Duncan Robinson,DET,F,79,215,32,1.03939,-0.578058,0.4613,,85,342,137
jaylin williams,Jaylin Williams,OKC,F,81,240,23,-1.37253,1.82321,0.4507,,329,21,138
brook lopez,Brook Lopez,LAC,C,85,282,38,-0.310115,0.752912,0.4428,,195,87,139
herbert jones,Herbert Jones,NOP,F,79,206,27,-0.691335,1.12813,0.4368,,244,50,140
dereck lively ii,Dereck Lively II,DAL,C,85,230,22,-0.439022,0.860996,0.422,,208,76,141
walker kessler,Walker Kessler,UTA,C,86,245,24,-0.274476,0.654111,0.3796,,193,100,142
peyton watson,Peyton Watson,DEN,G,80,200,23,0.208408,0.114933,0.3233,,139,175,143
pelle larsson,Pelle Larsson,MIA,G,77,215,25,0.17313,0.150078,0.3232,,146,169,144
toumani camara,Toumani Camara,POR,F,79,230,26,-0.785986,1.10395,0.318,,259,52,145
al horford,Al Horford,GSW,C-F,80,240,40,0.239056,0.0514359,0.2905,,138,185,146
oso ighodaro,Oso Ighodaro,PHX,F,83,235,23,-0.746411,1.03393,0.2875,,250,62,147
moritz wagner,Moritz Wagner,ORL,F-C,83,245,29,0.0114113,0.19239,0.2038,,159,157,148
goga bitadze,Goga Bitadze,ORL,C-F,83,250,26,-0.566045,0.729231,0.1632,,230,89,149
jalen green,Jalen Green,PHX,G,76,186,24,0.681431,-0.527934,0.1535,,104,322,150
onyeka okongwu,Onyeka Okongwu,ATL,F-C,82,240,25,-0.00455465,0.152687,0.1481,,162,168,151
nic claxton,Nic Claxton,BKN,C,83,215,27,-0.108194,0.239586,0.1314,,175,149,152
josh giddey,Josh Giddey,CHI,G,79,214,23,0.93117,-0.800227,0.1309,,97,406,153
kel'el ware,Kel'el Ware,MIA,C,84,250,22,0.256329,-0.13938,0.1169,,136,226,154
ron harper jr.,Ron Harper Jr.,BOS,G-F,77,233,26,0.128883,-0.0123692,0.1165,,150,201,155
t.j. mcconnell,T.J. McConnell,IND,G,73,190,34,0.337613,-0.232645,0.105,,129,247,156
simone fontecchio,Simone Fontecchio,MIA,F,79,220,30,0.451837,-0.349345,0.1025,,119,276,157
baylor scheierman,Baylor Scheierman,BOS,G,78,205,25,-0.583028,0.682082,0.0991,,232,96,158
aaron nesmith,Aaron Nesmith,IND,G-F,77,215,26,0.285426,-0.193875,0.0916,,134,239,159
kevin huerter,Kevin Huerter,DET,G-F,78,190,27,-0.129217,0.201223,0.072,,176,155,160
jusuf nurkic,Jusuf Nurkic,UTA,C,83,290,31,-1.08587,1.15701,0.0711,,290,46,161
dean wade,Dean Wade,CLE,F-C,81,228,29,-0.972632,1.04326,0.0706,,280,60,162
daniel gafford,Daniel Gafford,DAL,F-C,82,265,27,0.397608,-0.334876,0.0627,,124,272,163
sam merrill,Sam Merrill,CLE,G,76,205,30,1.05384,-0.99882,0.055,,82,451,164
quinten post,Quinten Post,GSW,C,84,238,26,-0.144654,0.185234,0.0406,,180,161,165
christian braun,Christian Braun,DEN,G,78,220,25,-0.452501,0.486286,0.0338,,209,119,166
steven adams,Steven Adams,HOU,C,83,265,32,-0.953205,0.976056,0.0229,,279,65,167
naz reid,Naz Reid,MIN,C-F,81,264,26,-0.75284,0.762543,0.0097,,252,85,168
brandon clarke,Brandon Clarke,MEM,F,80,215,29,-0.504597,0.493934,-0.0107,,221,117,169
daniss jenkins,Daniss Jenkins,DET,G,76,165,24,-0.635934,0.587331,-0.0486,,239,107,170
jamal shead,Jamal Shead,TOR,G,73,200,23,-1.31454,1.26411,-0.0504,,317,41,171
cam spencer,Cam Spencer,MEM,G,75,205,26,1.1723,-1.23275,-0.0605,,73,501,172
miles bridges,Miles Bridges,CHA,F,79,225,28,0.448499,-0.53591,-0.0874,,120,329,173
cameron payne,Cameron Payne,PHI,G,74,183,31,-0.535555,0.446546,-0.089,,224,123,174
chris boucher,Chris Boucher,BOS,F,80,200,33,0.111171,-0.209755,-0.0986,,151,243,175
josh minott,Josh Minott,BKN,F,80,205,23,-0.614306,0.508826,-0.1055,,236,113,176
javon small,Javon Small,MEM,G,73,190,23,0.437751,-0.563094,-0.1253,,121,339,177
luke kornet,Luke Kornet,SAS,C-F,85,250,30,-0.0884356,-0.0486062,-0.137,,172,211,178
kris dunn,Kris Dunn,LAC,G,75,205,32,-1.53071,1.38615,-0.1446,,350,35,179
kyle filipowski,Kyle Filipowski,UTA,C,83,250,22,1.13508,-1.35531,-0.2202,,77,522,180
jaylen wells,Jaylen Wells,MEM,F,79,206,22,0.511702,-0.774889,-0.2632,,115,400,181
justin champagnie,Justin Champagnie,WAS,G-F,78,206,24,0.358682,-0.63723,-0.2785,,125,361,182
reed sheppard,Reed Sheppard,HOU,G,74,185,21,0.0434317,-0.335847,-0.2924,,155,273,183
lonzo ball,Lonzo Ball,CLE,G,77,190,28,-1.59696,1.29633,-0.3006,,366,40,184
svi mykhailiuk,Svi Mykhailiuk,UTA,G-F,79,205,29,0.206466,-0.516277,-0.3098,,141,318,185
elijah harkless,Elijah Harkless,UTA,G,75,195,26,-0.787951,0.463276,-0.3247,,260,122,186
myron gardner,Myron Gardner,MIA,F,77,225,25,-0.563404,0.22868,-0.3347,,228,151,187
santi aldama,Santi Aldama,MEM,F-C,84,215,25,-0.0276365,-0.323809,-0.3514,,164,268,188
nikola vucevic,Nikola Vucevic,BOS,C,81,265,35,0.191356,-0.550921,-0.3596,,142,335,189
jordan walsh,Jordan Walsh,BOS,G,78,205,22,-1.14328,0.7807,-0.3626,,297,84,190
keegan murray,Keegan Murray,SAC,F,80,225,25,-0.758704,0.390981,-0.3677,,253,127,191
matisse thybulle,Matisse Thybulle,POR,G-F,77,202,29,-2.85301,2.43781,-0.4152,,541,8,192
bones hyland,Bones Hyland,MIN,G,74,169,25,-0.137215,-0.278657,-0.4159,,177,257,193
devin carter,Devin Carter,SAC,G,74,195,24,-0.0490595,-0.384991,-0.4341,,168,287,194
grant williams,Grant Williams,CHA,F,79,236,27,-0.456063,0.0118377,-0.4442,,214,195,195
matas buzelis,Matas Buzelis,CHI,F,80,196,21,-0.00372807,-0.468346,-0.4721,,161,302,196
marcus sasser,Marcus Sasser,DET,G,73,195,25,-0.494068,0.00359281,-0.4905,,217,197,197
d'angelo russell,D'Angelo Russell,WAS,G,75,193,30,0.354003,-0.846191,-0.4922,,126,421,198
vince williams jr.,Vince Williams Jr.,UTA,G,76,205,25,-0.828,0.327726,-0.5003,,268,134,199
anfernee simons,Anfernee Simons,CHI,G,75,200,27,0.958803,-1.46887,-0.5101,,94,543,200
demar derozan,DeMar DeRozan,SAC,G-F,78,220,36,1.6731,-2.18732,-0.5142,,55,594,201
jonathan kuminga,Jonathan Kuminga,ATL,F,79,225,23,-1.37371,0.849335,-0.5244,,330,78,202
ja'kobe walter,Ja'Kobe Walter,TOR,G,76,180,21,-1.42259,0.873584,-0.549,,335,74,203
mike conley,Mike Conley,MIN,G,73,175,38,-0.565079,-0.00462473,-0.5697,,229,200,204
jonas valanciunas,Jonas Valanciunas,DEN,C,83,265,34,1.18511,-1.76158,-0.5765,,72,575,205
mark williams,Mark Williams,PHX,C,85,240,24,-0.597752,0.0190343,-0.5787,,234,193,206
mouhamed gueye,Mouhamed Gueye,ATL,F,83,210,23,-1.68088,1.09895,-0.5819,,380,54,207
ronald holland ii,Ronald Holland II,DET,F,80,206,20,-2.61715,2.02759,-0.5896,,521,11,208
leonard miller,Leonard Miller,CHI,F,82,220,22,0.129659,-0.727632,-0.598,,149,388,209
aj green,AJ Green,MIL,G,76,190,26,0.559824,-1.19106,-0.6312,,112,493,210
p.j. washington,P.J. Washington,DAL,F,79,230,27,-1.47632,0.821743,-0.6546,,342,80,211
jaylon tyson,Jaylon Tyson,CLE,G-F,78,215,23,-0.149491,-0.505409,-0.6549,,183,311,212
olivier-maxence prosper,Olivier-Maxence Prosper,MEM,F,79,230,23,0.0504814,-0.715343,-0.6649,,154,382,213
jamir watkins,Jamir Watkins,WAS,F,78,210,24,-1.2875,0.605537,-0.682,,310,103,214
dru smith,Dru Smith,MIA,G,74,200,28,-2.21932,1.51613,-0.7032,,466,29,215
bogdan bogdanovic,Bogdan Bogdanovic,LAC,G,77,225,33,-0.680643,-0.0376474,-0.7183,,243,208,216
alex sarr,Alex Sarr,WAS,C,84,205,21,-0.0953377,-0.623093,-0.7184,,174,357,217
kyshawn george,Kyshawn George,WAS,F,80,200,22,-0.722866,0.00122923,-0.7216,,247,198,218
sion james,Sion James,CHA,G,77,220,23,-1.61048,0.886447,-0.724,,370,73,219
kentavious caldwell-pope,Kentavious Caldwell-Pope,MEM,G,77,204,33,-1.29128,0.560215,-0.7311,,311,109,220
zach lavine,Zach LaVine,SAC,G,77,200,31,0.622324,-1.38558,-0.7633,,109,523,221
josh okogie,Josh Okogie,HOU,G,76,213,27,-1.80128,1.03768,-0.7636,,408,61,222
quenton jackson,Quenton Jackson,IND,G,76,173,27,-0.435164,-0.351037,-0.7862,,207,279,223
kevin love,Kevin Love,UTA,F-C,82,251,37,0.0407575,-0.831774,-0.791,,156,413,224
jonathan isaac,Jonathan Isaac,ORL,F,82,230,28,-2.662,1.86153,-0.8005,,527,18,225
andrew wiggins,Andrew Wiggins,MIA,F,79,210,31,-0.657744,-0.150751,-0.8085,,241,229,226
myles turner,Myles Turner,MIL,C-F,83,250,30,-0.858331,0.0471673,-0.8112,,271,190,227
klay thompson,Klay Thompson,DAL,G,77,220,36,-0.378346,-0.439863,-0.8182,,202,296,228
malik monk,Malik Monk,SAC,G,75,200,28,0.585503,-1.42088,-0.8354,,111,536,229
jaxson hayes,Jaxson Hayes,LAL,C-F,84,220,26,-1.02802,0.186055,-0.842,,286,160,230
brandon williams,Brandon Williams,DAL,G,73,190,26,-0.0116377,-0.844527,-0.8562,,163,420,231
rui hachimura,Rui Hachimura,LAL,F,80,230,28,-0.591674,-0.275972,-0.8676,,233,256,232
shaedon sharpe,Shaedon Sharpe,POR,G,77,210,23,-0.268636,-0.620704,-0.8893,,192,356,233
keldon johnson,Keldon Johnson,SAS,F-G,78,220,26,-0.375282,-0.516061,-0.8913,,200,317,234
keyonte george,Keyonte George,UTA,G,76,185,22,1.80488,-2.69808,-0.8932,,50,602,235
brandon ingram,Brandon Ingram,TOR,F,80,190,28,-0.22894,-0.676332,-0.9053,,188,367,236
jock landale,Jock Landale,ATL,C,83,255,30,0.55341,-1.4795,-0.9261,,113,546,237
kasparas jakucionis,Kasparas Jakucionis,MIA,G,77,205,20,-0.415989,-0.51152,-0.9275,,206,313,238
clint capela,Clint Capela,HOU,C,82,256,32,-1.32733,0.397867,-0.9295,,320,126,239
john collins,John Collins,LAC,F-C,81,226,28,-0.194362,-0.746032,-0.9404,,185,392,240
de'andre hunter,De'Andre Hunter,SAC,F-G,79,221,28,-0.396866,-0.546298,-0.9432,,203,334,241
nae'qwan tomlin,Nae'Qwan Tomlin,CLE,F,80,210,25,-1.10405,0.140113,-0.9639,,293,172,242
jaime jaquez jr.,Jaime Jaquez Jr.,MIA,G,78,230,25,-0.220172,-0.787746,-1.0079,,186,403,243
precious achiuwa,Precious Achiuwa,SAC,F,80,243,26,-0.657228,-0.354459,-1.0117,,240,281,244
kobe sanders,Kobe Sanders,LAC,G,80,207,24,-1.33029,0.287065,-1.0432,,321,144,245
bennedict mathurin,Bennedict Mathurin,LAC,G-F,77,210,23,-0.455441,-0.588115,-1.0436,,212,348,246
collin sexton,Collin Sexton,CHI,G,75,190,27,0.110381,-1.15478,-1.0444,,152,484,247
jeremiah fears,Jeremiah Fears,NOP,G,75,190,19,-0.0931143,-0.952876,-1.046,,173,441,248
deandre ayton,Deandre Ayton,LAL,C,84,252,27,-0.566066,-0.510646,-1.0767,,231,312,249
bradley beal,Bradley Beal,LAC,G,76,207,32,-0.360521,-0.721818,-1.0823,,197,386,250
bobby portis,Bobby Portis,MIL,F,81,250,31,0.182893,-1.27296,-1.0901,,145,507,251
tyrese proctor,Tyrese Proctor,CLE,G,76,185,22,-0.606238,-0.528246,-1.1345,,235,323,252
buddy boeheim,Buddy Boeheim,OKC,F,77,205,26,-0.775671,-0.382323,-1.158,,256,286,253
kevon looney,Kevon Looney,NOP,F,81,222,30,-1.4928,0.316193,-1.1766,,344,136,254
kelly oubre jr.,Kelly Oubre Jr.,PHI,F-G,80,210,30,-0.771512,-0.414087,-1.1856,,255,293,255
jay huff,Jay Huff,IND,C,85,240,28,-0.283619,-0.911146,-1.1948,,194,434,256
anthony black,Anthony Black,ORL,G,79,200,22,-1.79599,0.597189,-1.1988,,407,104,257
ayo dosunmu,Ayo Dosunmu,MIN,G,76,201,26,-0.453099,-0.747309,-1.2004,,210,393,258
ziaire williams,Ziaire Williams,BKN,F,81,185,24,-2.16142,0.951332,-1.2101,,458,66,259
gg jackson,GG Jackson,MEM,F,81,210,21,0.183375,-1.41473,-1.2314,,144,532,260
egor demin,Egor Demin,BKN,G,80,200,20,-0.795483,-0.440748,-1.2362,,262,297,261
ryan nembhard,Ryan Nembhard,DAL,G,71,180,23,-0.630741,-0.616237,-1.247,,238,354,262
luguentz dort,Luguentz Dort,OKC,G,76,220,27,-1.1923,-0.0660213,-1.2583,,301,214,263
aaron holiday,Aaron Holiday,HOU,G,72,185,29,-1.3589,0.099262,-1.2596,,323,176,264
landry shamet,Landry Shamet,NYK,G,77,190,29,-1.7523,0.49189,-1.2604,,395,118,265
harrison barnes,Harrison Barnes,SAS,F,79,225,34,0.145651,-1.43295,-1.2873,,147,538,266
ethan thompson,Ethan Thompson,IND,G,76,195,27,-1.51181,0.219092,-1.2927,,347,153,267
hugo gonzalez,Hugo Gonzalez,BOS,G,78,200,20,-2.43889,1.11458,-1.3243,,502,51,268
georges niang,Georges Niang,MEM,F,78,230,32,0.279298,-1.60784,-1.3285,,135,562,269
jaylen clark,Jaylen Clark,MIN,G,77,205,24,-1.82391,0.464936,-1.359,,414,121,270
cam thomas,Cam Thomas,MIL,G,75,210,24,1.11224,-2.47942,-1.3672,,78,601,271
thomas bryant,Thomas Bryant,CLE,C-F,81,248,28,-0.326549,-1.04918,-1.3757,,196,461,272
tim hardaway jr.,Tim Hardaway Jr.,DEN,G-F,77,205,34,-0.246773,-1.15145,-1.3982,,190,481,273
isaiah jackson,Isaiah Jackson,LAC,F,80,205,24,-1.08165,-0.321336,-1.403,,289,267,274
jared mccain,Jared McCain,OKC,G,75,195,22,-0.0722138,-1.34817,-1.4204,,170,519,275
josh green,Josh Green,CHA,G,78,200,25,-1.96807,0.543879,-1.4242,,432,112,276
jerami grant,Jerami Grant,POR,F,79,213,32,-0.360754,-1.08129,-1.442,,198,468,277
nikola jovic,Nikola Jovic,MIA,F,82,240,23,-1.76254,0.315673,-1.4469,,398,138,278
ryan kalkbrenner,Ryan Kalkbrenner,CHA,C,85,256,24,-1.70069,0.245457,-1.4552,,386,148,279
kenrich williams,Kenrich Williams,OKC,G-F,79,210,31,-1.15433,-0.332356,-1.4867,,299,271,280
lj cryer,LJ Cryer,GSW,G,72,200,24,-0.537232,-0.952791,-1.49,,226,440,281
jordan miller,Jordan Miller,LAC,G,77,194,26,-0.507582,-0.985945,-1.4935,,223,449,282
micah potter,Micah Potter,IND,C,81,248,28,-0.146758,-1.34951,-1.4963,,182,521,283
andre drummond,Andre Drummond,PHI,C,83,279,32,-1.74414,0.235875,-1.5083,,394,150,284
tolu smith,Tolu Smith,DET,F,83,254,25,-0.975997,-0.533588,-1.5096,,281,325,285
brice sensabaugh,Brice Sensabaugh,UTA,F,78,235,22,0.635997,-2.15519,-1.5192,,108,592,286
guerschon yabusele,Guerschon Yabusele,CHI,F,79,265,30,-0.496737,-1.02373,-1.5205,,219,455,287
daron holmes ii,DaRon Holmes II,DEN,F,81,225,23,-1.00728,-0.526904,-1.5342,,284,321,288
koby brea,Koby Brea,PHX,G,77,215,23,0.103897,-1.64313,-1.5392,,153,566,289
jake laravia,Jake LaRavia,LAL,F,79,235,24,-1.42855,-0.116422,-1.545,,338,222,290
dwight powell,Dwight Powell,DAL,F-C,82,240,34,-1.6876,0.141522,-1.5461,,383,171,291
isaac okoro,Isaac Okoro,CHI,F-G,76,225,25,-0.780812,-0.766371,-1.5472,,257,396,292
max strus,Max Strus,CLE,G-F,77,215,30,-0.535738,-1.01996,-1.5557,,225,453,293
dorian finney-smith,Dorian Finney-Smith,HOU,F,79,220,33,-1.97225,0.409272,-1.563,,433,124,294
tristan da silva,Tristan da Silva,ORL,F,80,217,25,-1.37097,-0.193074,-1.564,,327,238,295
jordan poole,Jordan Poole,NOP,G,76,194,26,-0.0342427,-1.54773,-1.582,,165,557,296
aaron wiggins,Aaron Wiggins,OKC,G,77,190,27,-1.55607,-0.0355992,-1.5917,,355,206,297
tristan vukcevic,Tristan Vukcevic,WAS,F,84,220,23,-0.376803,-1.22356,-1.6004,,201,498,298
buddy hield,Buddy Hield,ATL,G,76,220,33,-0.56139,-1.04275,-1.6041,,227,460,299
zach collins,Zach Collins,CHI,F-C,81,240,28,-1.08996,-0.537789,-1.6277,,291,330,300
russell westbrook,Russell Westbrook,SAC,G,76,200,37,-1.06339,-0.584462,-1.6478,,288,347,301
luke kennard,Luke Kennard,LAL,G,77,206,29,-0.365318,-1.316,-1.6813,,199,514,302
bilal coulibaly,Bilal Coulibaly,WAS,G,79,195,21,-1.30009,-0.386818,-1.6869,,312,288,303
chucky hepburn,Chucky Hepburn,TOR,G,72,190,23,-1.32532,-0.365087,-1.6904,,319,282,304
chaney johnson,Chaney Johnson,BKN,G-F,79,220,23,-1.53981,-0.155249,-1.6951,,352,231,305
dominick barlow,Dominick Barlow,PHI,F,81,224,23,-1.87015,0.169536,-1.7006,,425,162,306
jd davison,JD Davison,HOU,G,73,195,23,-1.42685,-0.27894,-1.7058,,337,258,307
dejon jarreau,DeJon Jarreau,MEM,G,77,185,28,-1.55964,-0.155564,-1.7152,,357,232,308
john konchar,John Konchar,UTA,G,77,210,30,-2.21792,0.501807,-1.7161,,465,115,309
trevor keels,Trevor Keels,MIA,G,75,215,22,-1.245,-0.494201,-1.7392,,306,307,310
garrison mathews,Garrison Mathews,IND,G,77,215,29,-0.880084,-0.864071,-1.7442,,274,424,311
draymond green,Draymond Green,GSW,F,78,230,36,-2.56466,0.816213,-1.7484,,515,81,312
tyler kolek,Tyler Kolek,NYK,G,74,195,25,-1.00556,-0.745001,-1.7506,,283,391,313
max christie,Max Christie,DAL,G,77,190,23,-1.37237,-0.379937,-1.7523,,328,284,314
johnny furphy,Johnny Furphy,IND,G,80,200,21,-2.06069,0.304883,-1.7558,,449,141,315
blake hinson,Blake Hinson,UTA,F,80,230,26,-0.139749,-1.62334,-1.7631,,179,564,316
trayce jackson-davis,Trayce Jackson-Davis,TOR,F,81,245,26,-1.77381,0.00390075,-1.7699,,401,196,317
rayj dennis,RayJ Dennis,ATL,G,73,180,25,-1.2496,-0.538778,-1.7884,,308,331,318
jamal cain,Jamal Cain,ORL,F,79,191,27,-1.35382,-0.436707,-1.7905,,322,295,319
khris middleton,Khris Middleton,DAL,F,79,222,34,-0.695961,-1.09935,-1.7953,,245,471,320
kris murray,Kris Murray,POR,F,80,218,25,-2.87746,1.07977,-1.7977,,546,55,321
marvin bagley iii,Marvin Bagley III,DAL,F,82,235,27,-0.507286,-1.30499,-1.8123,,222,513,322
quentin grimes,Quentin Grimes,PHI,G,77,207,26,-1.3031,-0.513856,-1.817,,313,314,323
rasheer fleming,Rasheer Fleming,PHX,F,81,240,21,-1.87353,0.0487926,-1.8247,,428,189,324
haywood highsmith,Haywood Highsmith,PHX,F,77,220,29,-2.06229,0.225629,-1.8367,,450,152,325
jamaree bouyea,Jamaree Bouyea,PHX,G,74,180,26,-2.18501,0.348326,-1.8367,,461,130,326
dario saric,Dario Saric,DET,F-C,82,225,32,-1.80572,-0.0400204,-1.8457,,409,209,327
mark sears,Mark Sears,MIL,G,72,185,24,-0.873833,-0.97299,-1.8468,,273,446,328
oscar tshiebwe,Oscar Tshiebwe,UTA,F-C,80,255,26,-0.138628,-1.71278,-1.8514,,178,571,329
nique clifford,Nique Clifford,SAC,G,77,175,24,-1.93609,0.0811766,-1.8549,,431,180,330
terrence shannon jr.,Terrence Shannon Jr.,MIN,G-F,78,215,25,-0.750224,-1.10966,-1.8599,,251,473,331
jarred vanderbilt,Jarred Vanderbilt,LAL,F,80,214,27,-1.92781,0.0510342,-1.8768,,430,187,332
jackson rowe,Jackson Rowe,GSW,F,78,210,29,-1.85074,-0.0292546,-1.88,,417,205,333
tyler burton,Tyler Burton,MEM,F,79,215,26,-1.77556,-0.108499,-1.8841,,403,219,334
monte morris,Monte Morris,IND,G,74,183,30,-0.860469,-1.03139,-1.8919,,272,457,335
scoot henderson,Scoot Henderson,POR,G,75,207,22,-1.56353,-0.35173,-1.9153,,359,280,336
asa newell,Asa Newell,ATL,F,82,220,20,-1.31252,-0.60893,-1.9215,,315,351,337
keon ellis,Keon Ellis,CLE,G,76,175,26,-1.82641,-0.113093,-1.9395,,415,220,338
ryan dunn,Ryan Dunn,PHX,F,79,216,23,-2.63465,0.690636,-1.944,,524,95,339
gary trent jr.,Gary Trent Jr.,MIL,G,77,204,27,-0.739883,-1.23221,-1.9721,,248,500,340
seth curry,Seth Curry,GSW,G,73,185,35,-0.812972,-1.16157,-1.9745,,266,487,341
bobi klintman,Bobi Klintman,DET,F,81,225,23,-1.82279,-0.153716,-1.9765,,413,230,342
pj hall,PJ Hall,CHA,C,80,245,24,-1.50832,-0.469553,-1.9779,,346,303,343
taurean prince,Taurean Prince,MIL,F,78,218,32,-0.827039,-1.15158,-1.9786,,267,482,344
branden carlson,Branden Carlson,OKC,C,84,220,26,-0.245923,-1.74274,-1.9887,,189,573,345
kobe bufkin,Kobe Bufkin,LAL,G,76,195,22,-1.41355,-0.579508,-1.9931,,334,344,346
john poulakidas,John Poulakidas,DAL,G,78,205,23,-1.58807,-0.406148,-1.9942,,364,292,347
chris paul,Chris Paul,TOR,G,72,175,41,-1.20927,-0.792623,-2.0019,,303,404,348
isaiah stewart,Isaiah Stewart,DET,F-C,80,250,25,-1.71171,-0.292347,-2.0041,,390,260,349
noah clowney,Noah Clowney,BKN,F-C,82,210,21,-1.13951,-0.864952,-2.0045,,296,425,350
sean pedulla,Sean Pedulla,LAC,G,73,195,23,-0.831978,-1.17747,-2.0094,,269,489,351
keshad johnson,Keshad Johnson,MIA,F,78,230,24,-1.7728,-0.248956,-2.0218,,400,251,352
alex antetokounmpo,Alex Antetokounmpo,MIL,F,80,214,24,-1.01824,-1.0237,-2.0419,,285,454,353
danny wolf,Danny Wolf,BKN,F,83,250,22,-1.78732,-0.261234,-2.0486,,405,254,354
caleb love,Caleb Love,POR,G,75,212,24,-0.934419,-1.12266,-2.0571,,277,479,355
cam whitmore,Cam Whitmore,WAS,F,78,230,21,-1.13288,-0.924368,-2.0572,,295,437,356
dante exum,Dante Exum,WAS,G,77,214,30,-1.56962,-0.50491,-2.0745,,360,310,357
keaton wallace,Keaton Wallace,ATL,G,75,185,27,-1.77075,-0.309708,-2.0805,,399,265,358
jordan clarkson,Jordan Clarkson,NYK,G,77,194,34,-1.20835,-0.87873,-2.0871,,302,428,359
taylor hendricks,Taylor Hendricks,MEM,F,81,215,22,-1.59754,-0.499908,-2.0975,,367,309,360
a.j. lawson,A.J. Lawson,TOR,G,78,179,25,-1.52933,-0.580311,-2.1096,,348,345,361
david jones garcia,David Jones Garcia,SAS,G,76,210,24,-1.48832,-0.625151,-2.1135,,343,359,362
dylan cardwell,Dylan Cardwell,SAC,C,82,255,24,-2.04225,-0.0732361,-2.1155,,443,217,363
malachi smith,Malachi Smith,BKN,G,76,205,26,-1.60326,-0.515385,-2.1186,,368,316,364
karlo matkovic,Karlo Matkovic,NOP,F-C,82,231,25,-1.72658,-0.404409,-2.131,,391,291,365
tre johnson,Tre Johnson,WAS,G,77,190,20,-0.742825,-1.3939,-2.1367,,249,526,366
tristen newton,Tristen Newton,HOU,G,77,190,25,-1.83814,-0.299894,-2.138,,416,263,367
kelly olynyk,Kelly Olynyk,SAS,F-C,84,240,35,-1.16516,-0.976147,-2.1413,,300,448,368
jabari walker,Jabari Walker,PHI,F,79,237,23,-1.53003,-0.633143,-2.1632,,349,360,369
ace bailey,Ace Bailey,UTA,F,81,200,19,-0.838478,-1.32612,-2.1646,,270,516,370
jalen pickett,Jalen Pickett,DEN,G,74,202,26,-1.40112,-0.768861,-2.17,,331,398,371
terance mann,Terance Mann,BKN,G-F,78,215,29,-1.27607,-0.897469,-2.1735,,309,432,372
daeqwon plowden,Daeqwon Plowden,SAC,G-F,76,216,27,-0.614801,-1.56407,-2.1789,,237,559,373
liam mcneeley,Liam McNeeley,CHA,F,79,210,20,-1.79206,-0.392976,-2.185,,406,290,374
caleb houstan,Caleb Houstan,ATL,G,80,205,23,-1.66849,-0.535413,-2.2039,,377,327,375
nicolas batum,Nicolas Batum,LAC,G-F,79,230,37,-2.25423,0.0498126,-2.2044,,473,188,376
will richard,Will Richard,GSW,G,75,206,23,-2.34938,0.13168,-2.2177,,487,173,377
corey kispert,Corey Kispert,ATL,F,78,224,27,-0.461895,-1.76376,-2.2257,,215,576,378
tyler smith,Tyler Smith,DAL,F,81,224,21,-1.85879,-0.380799,-2.2396,,420,285,379
chris youngblood,Chris Youngblood,POR,G,76,221,24,-0.792129,-1.459,-2.2511,,261,541,380
vit krejci,Vit Krejci,POR,G,80,195,25,-1.58034,-0.671948,-2.2523,,362,365,381
adem bona,Adem Bona,PHI,F,82,235,23,-2.00343,-0.249127,-2.2526,,439,252,382
caris levert,Caris LeVert,DET,G,79,205,31,-2.34817,0.0865827,-2.2616,,486,178,383
kevon harris,Kevon Harris,HOU,G,77,216,28,-3.17086,0.909063,-2.2618,,560,70,384
marjon beauchamp,MarJon Beauchamp,PHI,F,79,199,25,-1.78699,-0.484897,-2.2719,,404,305,385
jules bernard,Jules Bernard,MIN,G,78,210,26,-1.32217,-0.958533,-2.2807,,318,443,386
spencer jones,Spencer Jones,DEN,F,79,225,24,-2.47698,0.189225,-2.2878,,506,158,387
gradey dick,Gradey Dick,TOR,G-F,79,200,22,-1.76042,-0.534767,-2.2952,,397,326,388
curtis jones,Curtis Jones,DEN,G,75,195,24,-1.70068,-0.60302,-2.3037,,385,350,389
dennis schroder,Dennis Schroder,CLE,G,73,175,32,-1.60327,-0.703062,-2.3063,,369,374,390
pat connaughton,Pat Connaughton,CHA,G,77,209,33,-2.00262,-0.318353,-2.321,,438,266,391
jaden hardy,Jaden Hardy,WAS,G,75,198,23,-0.801749,-1.55501,-2.3568,,263,558,392
johnny juzang,Johnny Juzang,MIN,G,79,226,25,-0.718471,-1.64122,-2.3597,,246,565,393
royce o'neale,Royce O'Neale,PHX,F,78,226,33,-1.70876,-0.69486,-2.4036,,388,370,394
jaden springer,Jaden Springer,NOP,G,76,202,23,-2.73001,0.319437,-2.4106,,535,135,395
orlando robinson,Orlando Robinson,ORL,C,82,235,25,-1.55959,-0.855187,-2.4148,,356,423,396
pat spencer,Pat Spencer,GSW,G,74,205,29,-0.921995,-1.49456,-2.4166,,275,551,397
tosan evbuomwan,Tosan Evbuomwan,CHA,F,80,217,25,-2.0453,-0.372681,-2.418,,444,283,398
jaden ivey,Jaden Ivey,CHI,G,75,195,24,-1.31255,-1.11436,-2.4269,,316,474,399
kyle anderson,Kyle Anderson,MIN,F-G,80,230,32,-3.19237,0.75147,-2.4409,,563,88,400
mac mcclung,Mac McClung,CHI,G,74,185,27,-1.24778,-1.19785,-2.4456,,307,494,401
carter bryant,Carter Bryant,SAS,F,78,220,20,-2.42199,-0.0263966,-2.4484,,499,204,402
micah peavy,Micah Peavy,NOP,G-F,79,215,24,-2.49183,0.0356325,-2.4562,,509,191,403
julian strawther,Julian Strawther,DEN,G,78,205,24,-1.42473,-1.03402,-2.4587,,336,458,404
craig porter jr.,Craig Porter Jr.,CLE,G,73,180,26,-1.59443,-0.878646,-2.4731,,365,427,405
chaz lanier,Chaz Lanier,DET,G,75,206,24,-1.68408,-0.803441,-2.4875,,382,408,406
mohamed diawara,Mohamed Diawara,NYK,F,81,225,21,-2.02574,-0.466663,-2.4924,,441,301,407
killian hayes,Killian Hayes,SAC,G,76,195,24,-2.53962,0.0324488,-2.5072,,514,192,408
jalen slawson,Jalen Slawson,IND,F,79,215,26,-2.26848,-0.247566,-2.516,,476,250,409
cormac ryan,Cormac Ryan,MIL,G,77,200,27,-1.31234,-1.20564,-2.518,,314,496,410
lucas williamson,Lucas Williamson,MEM,G,76,205,27,-1.4015,-1.11681,-2.5183,,332,476,411
lachlan olbrich,Lachlan Olbrich,CHI,C,80,236,22,-1.80717,-0.713346,-2.5205,,410,381,412
noa essengue,Noa Essengue,CHI,F,80,194,19,-1.67676,-0.855158,-2.5319,,379,422,413
bub carrington,Bub Carrington,WAS,G,76,190,20,-1.12369,-1.41732,-2.541,,294,535,414
yuki kawamura,Yuki Kawamura,CHI,G,67,159,25,-1.1015,-1.44985,-2.5514,,292,540,415
duop reath,Duop Reath,ATL,C,81,245,29,-1.82127,-0.730942,-2.5522,,412,389,416
antonio reeves,Antonio Reeves,CHA,G,77,205,25,-1.58806,-0.966247,-2.5543,,363,444,417
lindy waters iii,Lindy Waters III,SAS,F,77,210,28,-1.6221,-0.938173,-2.5603,,373,439,418
eric gordon,Eric Gordon,PHI,G,75,215,37,-1.67103,-0.892063,-2.5631,,378,431,419
terry rozier,Terry Rozier,MIA,G,73,195,32,-1.56093,-1.01011,-2.571,,358,452,420
ochai agbaji,Ochai Agbaji,BKN,G,77,215,26,-2.26331,-0.30898,-2.5723,,475,264,421
cam christie,Cam Christie,LAC,G,77,190,20,-2.76739,0.186386,-2.581,,538,159,422
alijah martin,Alijah Martin,TOR,G,74,210,24,-2.05712,-0.535642,-2.5928,,448,328,423
colby jones,Colby Jones,DET,G,78,207,24,-2.58587,-0.0259913,-2.6119,,517,203,424
justin edwards,Justin Edwards,PHI,F,79,217,22,-1.49532,-1.12155,-2.6169,,345,478,425
gabe vincent,Gabe Vincent,ATL,G,74,200,29,-1.73699,-0.884981,-2.622,,392,429,426
joan beringer,Joan Beringer,MIN,F,83,230,19,-0.453187,-2.1724,-2.6256,,211,593,427
malevy leons,Malevy Leons,GSW,F,81,210,26,-2.0021,-0.624824,-2.6269,,436,358,428
tamar bates,Tamar Bates,DEN,G,76,195,23,-1.86004,-0.766969,-2.627,,421,397,429
hunter tyson,Hunter Tyson,DEN,F,80,215,25,-1.21503,-1.41567,-2.6307,,304,533,430
cody martin,Cody Martin,IND,F,78,205,30,-3.43644,0.793165,-2.6433,,577,83,431
sidy cissoko,Sidy Cissoko,POR,G,78,220,22,-2.98286,0.339143,-2.6437,,553,132,432
grant nelson,Grant Nelson,BKN,F,84,215,24,-3.04085,0.387979,-2.6529,,556,128,433
drew peterson,Drew Peterson,CHA,F,80,205,26,-2.05581,-0.598776,-2.6546,,447,349,434
kj simpson,KJ Simpson,DEN,G,74,189,23,-2.63828,-0.0551236,-2.6934,,525,213,435
jae'sean tate,Jae'Sean Tate,HOU,F,76,230,30,-2.48475,-0.208886,-2.6936,,508,242,436
kennedy chandler,Kennedy Chandler,UTA,G,72,170,23,-1.4089,-1.28833,-2.6972,,333,511,437
jevon carter,Jevon Carter,ORL,G,72,190,30,-1.87306,-0.836215,-2.7093,,426,415,438
thomas sorber,Thomas Sorber,OKC,C,81,250,20,-2.57063,-0.139744,-2.7104,,516,227,439
dalano banton,Dalano Banton,BOS,F,80,203,26,-2.5926,-0.1297,-2.7223,,518,225,440
maxime raynaud,Maxime Raynaud,SAC,C,85,250,23,-0.473663,-2.2804,-2.7541,,216,596,441
garrett temple,Garrett Temple,TOR,G-F,77,195,40,-3.52577,0.762306,-2.7635,,580,86,442
adama bal,Adama Bal,MEM,G,79,190,22,-2.14897,-0.615631,-2.7646,,457,353,443
david roddy,David Roddy,DEN,F,77,255,25,-2.20837,-0.562967,-2.7713,,463,338,444
ousmane dieng,Ousmane Dieng,MIL,F,81,185,23,-1.45842,-1.31817,-2.7766,,339,515,445
ben sheppard,Ben Sheppard,IND,G,78,190,24,-1.73999,-1.0378,-2.7778,,393,459,446
bryce mcgowens,Bryce McGowens,NOP,G,78,190,23,-1.53988,-1.24814,-2.788,,353,503,447
zaccharie risacher,Zaccharie Risacher,ATL,F,80,200,21,-1.68181,-1.10927,-2.7911,,381,472,448
miles kelly,Miles Kelly,DAL,G,76,190,23,-1.86855,-0.923676,-2.7922,,424,436,449
andersson garcia,Andersson Garcia,UTA,F,79,220,25,-2.62266,-0.171603,-2.7943,,523,236,450
julian reese,Julian Reese,WAS,F,81,230,22,-1.71128,-1.08503,-2.7963,,389,470,451
trevon scott,Trevon Scott,BKN,F,80,225,29,-2.30752,-0.496383,-2.8039,,479,308,452
kadary richmond,Kadary Richmond,WAS,G,78,205,24,-2.72864,-0.0767264,-2.8054,,534,218,453
jase richardson,Jase Richardson,ORL,G,73,180,20,-1.99134,-0.824333,-2.8157,,435,412,454
john tonje,John Tonje,BOS,G,76,218,25,-2.08979,-0.731867,-2.8217,,452,390,455
kyle lowry,Kyle Lowry,PHI,G,72,196,40,-2.38839,-0.444273,-2.8327,,494,298,456
nate williams,Nate Williams,GSW,G,77,205,27,-1.64903,-1.18607,-2.8351,,376,491,457
tyrese martin,Tyrese Martin,PHI,F,78,215,27,-2.04542,-0.808713,-2.8541,,445,410,458
cole anthony,Cole Anthony,PHX,G,74,185,26,-2.17012,-0.685311,-2.8554,,459,369,459
deandre jordan,DeAndre Jordan,NOP,C,83,265,37,-2.3274,-0.53908,-2.8665,,482,332,460
kyle kuzma,Kyle Kuzma,MIL,F,80,221,30,-1.81688,-1.0531,-2.87,,411,462,461
colin castleton,Colin Castleton,ORL,C,82,250,26,-2.41459,-0.461522,-2.8761,,497,300,462
chris livingston,Chris Livingston,CLE,F,78,220,22,-2.71962,-0.157013,-2.8766,,532,233,463
larry nance jr.,Larry Nance Jr.,CLE,F-C,78,245,33,-2.31675,-0.567176,-2.8839,,480,340,464
moussa cisse,Moussa Cisse,DAL,C,83,220,23,-2.31914,-0.575171,-2.8943,,481,341,465
jordan mclaughlin,Jordan McLaughlin,SAS,G,71,185,30,-2.10093,-0.795515,-2.8964,,453,405,466
hayden gray,Hayden Gray,UTA,G,76,190,23,-2.23504,-0.718598,-2.9536,,467,384,467
pacome dadiet,Pacome Dadiet,NYK,F,81,210,20,-1.69176,-1.27307,-2.9648,,384,508,468
nikola djurisic,Nikola Djurisic,ATL,G,80,214,22,-2.42135,-0.552694,-2.974,,498,337,469
max shulga,Max Shulga,BOS,G,76,210,23,-2.28469,-0.711332,-2.996,,478,379,470
jayson kent,Jayson Kent,POR,F,80,215,24,-2.46292,-0.540411,-3.0033,,504,333,471
kobe brown,Kobe Brown,IND,F,79,250,26,-1.46063,-1.54399,-3.0046,,340,556,472
n'faly dante,N'Faly Dante,ATL,C,83,230,24,-2.86955,-0.167109,-3.0367,,544,235,473
jett howard,Jett Howard,ORL,G,80,215,22,-1.64608,-1.39296,-3.039,,375,525,474
xavier tillman,Xavier Tillman,CHA,F,80,245,27,-3.71251,0.667064,-3.0455,,585,97,475
kyle mangas,Kyle Mangas,SAS,G,76,200,27,-2.37058,-0.675622,-3.0462,,490,366,476
mo bamba,Mo Bamba,UTA,C,84,231,28,-2.11795,-0.928721,-3.0467,,454,438,477
zeke nnaji,Zeke Nnaji,DEN,F-C,82,240,25,-2.85328,-0.21012,-3.0634,,542,244,478
stanley umude,Stanley Umude,SAS,G,78,210,27,-2.76809,-0.299097,-3.0672,,539,261,479
eli john ndiaye,Eli John Ndiaye,ATL,F,80,209,21,-2.44973,-0.648196,-3.0979,,503,364,480
kevin mccullar jr.,Kevin McCullar Jr.,NYK,G,78,210,25,-2.38032,-0.722643,-3.103,,493,387,481
alex toohey,Alex Toohey,GSW,F,80,223,22,-2.75517,-0.349565,-3.1047,,537,277,482
charles bassey,Charles Bassey,GSW,C-F,82,230,25,-1.62257,-1.48635,-3.1089,,374,548,483
derik queen,Derik Queen,NOP,C,81,250,21,-1.62024,-1.49163,-3.1119,,372,550,484
yanic konan niederhauser,Yanic Konan Niederhauser,LAC,C,83,242,23,-2.24076,-0.877658,-3.1184,,468,426,485
luke travers,Luke Travers,CLE,F,78,207,24,-1.91706,-1.20801,-3.1251,,429,497,486
julian phillips,Julian Phillips,MIN,F,78,201,22,-2.36343,-0.764179,-3.1276,,489,395,487
caleb martin,Caleb Martin,DAL,F,77,205,30,-3.7257,0.596488,-3.1292,,587,105,488
malik williams,Malik Williams,ATL,C,83,250,27,-2.60287,-0.53293,-3.1358,,519,324,489
jericho sims,Jericho Sims,MIL,C,82,250,27,-1.00269,-2.13803,-3.1407,,282,590,490
patrick baldwin jr.,Patrick Baldwin Jr.,SAC,F,84,220,23,-2.49802,-0.647479,-3.1455,,510,363,491
tony bradley,Tony Bradley,ATL,C-F,82,248,28,-2.69198,-0.453709,-3.1457,,528,299,492
gabe mcglothan,Gabe McGlothan,IND,F,78,235,27,-2.62262,-0.526161,-3.1488,,522,320,493
norchad omier,Norchad Omier,LAC,F,79,248,24,-1.97588,-1.17332,-3.1492,,434,488,494
javonte cooke,Javonte Cooke,POR,G,78,185,26,-2.26113,-0.910971,-3.1721,,474,433,495
jacob toppin,Jacob Toppin,ATL,F,81,200,26,-2.1806,-0.993322,-3.1739,,460,450,496
will riley,Will Riley,WAS,F,81,180,20,-0.805843,-2.38307,-3.1889,,264,599,497
amir coffey,Amir Coffey,PHX,G-F,79,210,28,-2.48148,-0.708019,-3.1895,,507,375,498
riley minix,Riley Minix,CLE,F,79,230,25,-1.77519,-1.41688,-3.1921,,402,534,499
tidjane salaun,Tidjane Salaun,CHA,F,82,207,20,-3.03828,-0.157553,-3.1958,,555,234,500
jeremiah robinson-earl,Jeremiah Robinson-Earl,DAL,F,81,240,25,-1.7048,-1.49121,-3.196,,387,549,501
tyus jones,Tyus Jones,DEN,G,72,196,30,-1.53499,-1.68003,-3.215,,351,567,502
dalen terry,Dalen Terry,PHI,F,78,210,23,-3.38421,0.165702,-3.2185,,573,165,503
tristan enaruna,Tristan Enaruna,CLE,F,79,220,24,-1.8735,-1.34904,-3.2225,,427,520,504
lawson lovering,Lawson Lovering,MEM,C,84,245,23,-3.39525,0.162846,-3.2324,,574,166,505
noah penda,Noah Penda,ORL,G-F,79,215,21,-2.42632,-0.810964,-3.2373,,500,411,506
tyty washington jr.,TyTy Washington Jr.,LAC,G,75,195,24,-2.40075,-0.839597,-3.2403,,496,418,507
e.j. liddell,E.J. Liddell,BKN,F,78,240,25,-1.36251,-1.89574,-3.2583,,325,582,508
alex morales,Alex Morales,ORL,G,78,180,28,-3.05493,-0.211965,-3.2669,,557,245,509
jarace walker,Jarace Walker,IND,F,79,235,22,-2.21385,-1.06687,-3.2807,,464,464,510
walter clayton jr.,Walter Clayton Jr.,MEM,G,76,195,23,-1.15128,-2.1458,-3.2971,,298,591,511
jeremy sochan,Jeremy Sochan,NYK,F,80,230,23,-2.33193,-0.972799,-3.3047,,484,445,512
khaman maluach,Khaman Maluach,PHX,C,85,250,19,-3.2874,-0.0243607,-3.3118,,567,202,513
tre mann,Tre Mann,CHA,G,76,178,25,-2.25408,-1.07285,-3.3269,,472,467,514
bruce brown,Bruce Brown,DEN,G-F,76,202,29,-2.70761,-0.61948,-3.3271,,531,355,515
jahmir young,Jahmir Young,MIA,G,72,185,25,-2.05173,-1.27639,-3.3281,,446,509,516
yves missi,Yves Missi,NOP,C,83,235,22,-1.85136,-1.48555,-3.3369,,418,547,517
gary harris,Gary Harris,MIL,G,76,210,31,-3.23603,-0.116893,-3.3529,,566,223,518
doug mcdermott,Doug McDermott,SAC,F,79,225,34,-1.36682,-2.00222,-3.369,,326,583,519
pete nance,Pete Nance,MIL,F,81,225,26,-1.75416,-1.62209,-3.3762,,396,563,520
tyson etienne,Tyson Etienne,BKN,G,72,200,26,-1.04635,-2.33142,-3.3778,,287,598,521
nikola topic,Nikola Topic,OKC,G,78,200,20,-1.5493,-1.83606,-3.3854,,354,581,522
christian koloko,Christian Koloko,ATL,C,83,225,25,-3.4772,0.0833296,-3.3939,,579,179,523
nolan traore,Nolan Traore,BKN,G,75,185,20,-1.57851,-1.81624,-3.3948,,361,580,524
tyreke key,Tyreke Key,TOR,G,74,207,27,-2.53834,-0.887438,-3.4258,,513,430,525
emanuel miller,Emanuel Miller,SAS,F,77,215,25,-1.86523,-1.56598,-3.4312,,423,560,526
trentyn flowers,Trentyn Flowers,CHI,F,81,185,21,-2.24913,-1.1906,-3.4397,,469,492,527
joe ingles,Joe Ingles,MIN,F-G,80,220,38,-2.19067,-1.27684,-3.4675,,462,510,528
omer yurtseven,Omer Yurtseven,GSW,C,83,275,27,-2.63958,-0.837919,-3.4775,,526,417,529
darius brown,Darius Brown,CLE,G,74,192,26,-2.70527,-0.77707,-3.4823,,530,401,530
andre jackson jr.,Andre Jackson Jr.,MIL,G,78,209,24,-2.8773,-0.610677,-3.488,,545,352,531
jalen wilson,Jalen Wilson,BKN,F,78,220,25,-2.00244,-1.51229,-3.5147,,437,554,532
daquan jeffries,DaQuan Jeffries,SAC,G-F,77,222,28,-2.13925,-1.40703,-3.5463,,456,530,533
jeff green,Jeff Green,HOU,F,80,235,39,-1.86178,-1.70397,-3.5657,,422,569,534
cj huntley,CJ Huntley,PHX,F,83,230,24,-2.86254,-0.708403,-3.5709,,543,376,535
trendon watford,Trendon Watford,PHI,G-F,80,245,25,-2.32765,-1.26444,-3.5921,,483,505,536
jamison battle,Jamison Battle,TOR,F,79,220,25,-2.25071,-1.34409,-3.5948,,471,518,537
ariel hukporti,Ariel Hukporti,NYK,C,84,246,24,-3.42008,-0.194736,-3.6148,,575,240,538
isaiah livers,Isaiah Livers,PHX,F,78,232,27,-2.91116,-0.712341,-3.6235,,550,380,539
alondes williams,Alondes Williams,WAS,G,76,210,26,-2.42675,-1.19839,-3.6251,,501,495,540
isaiah crawford,Isaiah Crawford,HOU,F,78,220,24,-2.95277,-0.68204,-3.6348,,552,368,541
taelon peter,Taelon Peter,IND,G,75,185,24,-2.94615,-0.699623,-3.6458,,551,372,542
isaac jones,Isaac Jones,DET,F,80,245,25,-2.52168,-1.12419,-3.6459,,511,480,543
kam jones,Kam Jones,IND,G,76,200,24,-2.24972,-1.40848,-3.6582,,470,531,544
isaiah collier,Isaiah Collier,UTA,G,76,210,21,-1.36157,-2.32756,-3.6891,,324,597,545
dalton knecht,Dalton Knecht,LAL,F,78,215,25,-1.46447,-2.22509,-3.6896,,341,595,546
amari williams,Amari Williams,BOS,F-C,83,250,24,-3.87011,0.166412,-3.7037,,591,164,547
johni broome,Johni Broome,PHI,F,81,244,23,-2.01322,-1.69105,-3.7043,,440,568,548
bez mbeng,Bez Mbeng,UTA,G,76,185,23,-2.73364,-0.975452,-3.7091,,536,447,549
sharife cooper,Sharife Cooper,WAS,G,72,176,25,-1.61687,-2.13068,-3.7475,,371,589,550
isaiah stevens,Isaiah Stevens,SAC,G,71,185,25,-2.72066,-1.02767,-3.7483,,533,456,551
jahmyl telfort,Jahmyl Telfort,LAC,F,79,225,25,-3.11759,-0.646795,-3.7644,,558,362,552
malaki branham,Malaki Branham,CHA,F,76,180,23,-2.60552,-1.1594,-3.7649,,520,486,553
payton sandfort,Payton Sandfort,OKC,F,79,215,23,-2.37136,-1.3965,-3.7679,,491,527,554
drew eubanks,Drew Eubanks,SAC,F-C,82,245,29,-2.34598,-1.47855,-3.8245,,485,545,555
jonathan mogbo,Jonathan Mogbo,TOR,F,81,225,24,-3.79567,-0.0473861,-3.8431,,590,210,556
toby okani,Toby Okani,MEM,F,80,210,24,-2.39945,-1.44729,-3.8467,,495,539,557
olivier sarr,Olivier Sarr,CLE,C,82,240,27,-2.07702,-1.79559,-3.8726,,451,579,558
josh oduro,Josh Oduro,NOP,C,81,240,25,-2.82239,-1.06805,-3.8904,,540,465,559
dariq whitehead,Dariq Whitehead,MEM,G-F,78,220,21,-2.12594,-1.77533,-3.9013,,455,577,560
taj gibson,Taj Gibson,MEM,F,81,232,40,-3.58708,-0.345404,-3.9325,,582,274,561
wendell moore jr.,Wendell Moore Jr.,DET,G,77,215,24,-3.5886,-0.349933,-3.9385,,583,278,562
drew timme,Drew Timme,LAL,F,81,235,25,-2.47071,-1.4751,-3.9458,,505,544,563
nick richards,Nick Richards,CHI,C,83,245,28,-1.85315,-2.1133,-3.9665,,419,588,564
rocco zikarsky,Rocco Zikarsky,MIN,C,87,227,19,-3.20956,-0.772434,-3.982,,564,399,565
trey alexander,Trey Alexander,NOP,G,77,185,23,-2.88589,-1.11811,-4.004,,548,477,566
leaky black,Leaky Black,WAS,F,78,209,26,-2.53693,-1.54158,-4.0785,,512,555,567
mason plumlee,Mason Plumlee,SAS,F-C,84,254,36,-2.37454,-1.70959,-4.0841,,492,570,568
maxi kleber,Maxi Kleber,LAL,F,82,240,34,-3.02961,-1.11579,-4.1454,,554,475,569
zyon pullin,Zyon Pullin,MIN,G,76,206,25,-2.69536,-1.499,-4.1944,,529,552,570
vladislav goldin,Vladislav Goldin,MIA,C,84,255,25,-3.1364,-1.0713,-4.2077,,559,466,571
blake wesley,Blake Wesley,POR,G,76,190,23,-3.42887,-0.785971,-4.2148,,576,402,572
patrick williams,Patrick Williams,CHI,F,78,235,24,-3.90024,-0.332337,-4.2326,,593,270,573
skal labissiere,Skal Labissiere,WAS,F-C,82,235,30,-3.18341,-1.08475,-4.2682,,561,469,574
aj johnson,AJ Johnson,DAL,G,77,160,21,-3.18901,-1.15759,-4.3466,,562,485,575
cody williams,Cody Williams,UTA,F,80,190,21,-2.27248,-2.0927,-4.3652,,477,587,576
anthony gill,Anthony Gill,WAS,F,79,230,33,-2.35561,-2.03584,-4.3915,,488,584,577
adou thiero,Adou Thiero,LAL,G,79,220,22,-3.35938,-1.05622,-4.4156,,571,463,578
nick smith jr.,Nick Smith Jr.,LAL,G,74,185,22,-2.03668,-2.41922,-4.4559,,442,600,579
drake powell,Drake Powell,BKN,G-F,77,195,20,-3.73508,-0.805061,-4.5401,,588,409,580
enrique freeman,Enrique Freeman,MIN,F,81,220,25,-3.35791,-1.22466,-4.5826,,570,499,581
hunter sallis,Hunter Sallis,PHI,G,76,185,23,-3.74136,-0.842667,-4.584,,589,419,582
rob dillingham,Rob Dillingham,CHI,G,74,175,21,-3.87924,-0.710446,-4.5897,,592,378,583
dillon jones,Dillon Jones,NYK,F,77,235,24,-3.31544,-1.30039,-4.6158,,569,512,584
hunter dickinson,Hunter Dickinson,NOP,C,85,255,25,-3.37783,-1.24692,-4.6248,,572,502,585
james wiseman,James Wiseman,IND,C,83,240,25,-3.22633,-1.40359,-4.6299,,565,529,586
bronny james,Bronny James,LAL,G,74,210,21,-2.91008,-1.72355,-4.6336,,549,572,587
keshon gilbert,Keshon Gilbert,ATL,G,76,200,22,-4.43069,-0.218656,-4.6493,,599,246,588
nigel hayes-davis,Nigel Hayes-Davis,PHX,F,79,254,31,-3.94042,-0.760411,-4.7008,,594,394,589
thanasis antetokounmpo,Thanasis Antetokounmpo,MIL,F,79,219,33,-4.39972,-0.346537,-4.7463,,598,275,590
chris manon,Chris MaÃ±on,LAL,G,76,209,24,-3.43992,-1.39767,-4.8376,,578,528,591
markelle fultz,Markelle Fultz,TOR,G,76,209,28,-4.57117,-0.275619,-4.8468,,601,255,592
brooks barnhizer,Brooks Barnhizer,OKC,G,77,230,24,-3.68346,-1.17764,-4.8611,,584,490,593
yang hansen,Yang Hansen,POR,C,85,270,20,-3.3026,-1.59295,-4.8955,,568,561,594
ben saraf,Ben Saraf,BKN,G,78,200,20,-3.52644,-1.38618,-4.9126,,581,524,595
jordan hawkins,Jordan Hawkins,NOP,G,77,190,24,-2.87969,-2.0523,-4.932,,547,585,596
mouhamadou gueye,Mouhamadou Gueye,CHI,F,81,210,27,-4.22029,-0.715469,-4.9358,,597,383,597
harrison ingram,Harrison Ingram,SAS,F,77,230,23,-3.72152,-1.26349,-4.985,,586,504,598
rayan rupert,Rayan Rupert,MEM,G-F,79,205,22,-4.00124,-1.42406,-5.4253,,595,537,599
jahmai mashack,Jahmai Mashack,MEM,G,76,203,23,-4.09962,-1.50956,-5.6092,,596,553,600
trey jemison,Trey Jemison,NYK,C,82,270,26,-4.51962,-1.79319,-6.3128,,600,578,601
bismack biyombo,Bismack Biyombo,SAS,C,80,255,33,-4.69325,-2.08646,-6.7797,,602,586,602
