Player,touches,post_touches,post_fgm,post_fga,post_ftm,post_fta,post_pts,Passes,Assists,Turnovers,Fouls,FG%,ppp_post,post_pass_pct,post_ast_pct,post_to_pct,Foul%,possessions,Touches Per Poss,post_per_poss,season_year,player
A.J. Lawson,280,0,0,0,0,0,0,0,0,0,0,0.0,0.0,0.0,0.0,0.0,0.0,450,0.6222,0.0,2026,A.J. Lawson
Aaron Gordon,1728,59,8,31,15,18,32,13,3,4,9,0.2581,0.5424,0.2203,0.0508,0.0678,0.1525,2056,0.8405,0.0287,2026,Aaron Gordon
Aaron Holiday,1155,0,0,0,0,0,0,0,0,0,0,0.0,0.0,0.0,0.0,0.0,0.0,1562,0.7394,0.0,2026,Aaron Holiday
Aaron Nesmith,2246,0,0,0,0,0,0,0,0,0,0,0.0,0.0,0.0,0.0,0.0,0.0,2808,0.7999,0.0,2026,Aaron Nesmith
Aaron Wiggins,2159,0,0,0,0,0,0,0,0,0,0,0.0,0.0,0.0,0.0,0.0,0.0,2925,0.7381,0.0,2026,Aaron Wiggins
Ace Bailey,2410,13,3,8,0,0,6,4,0,0,0,0.375,0.4615,0.3077,0.0,0.0,0.0,4241,0.5683,0.0031,2026,Ace Bailey
Adama Bal,293,0,0,0,0,0,0,0,0,0,0,0.0,0.0,0.0,0.0,0.0,0.0,518,0.5656,0.0,2026,Adama Bal
Adem Bona,1201,7,3,4,0,0,6,2,1,0,0,0.75,0.8571,0.2857,0.1429,0.0,0.0,2555,0.4701,0.0027,2026,Adem Bona
Adou Thiero,183,1,0,0,0,0,0,1,0,0,0,0.0,0.0,1.0,0.0,0.0,0.0,299,0.612,0.0033,2026,Adou Thiero
AJ Green,3402,0,0,0,0,0,0,0,0,0,0,0.0,0.0,0.0,0.0,0.0,0.0,4533,0.7505,0.0,2026,AJ Green
AJ Johnson,725,0,0,0,0,0,0,0,0,0,0,0.0,0.0,0.0,0.0,0.0,0.0,940,0.7713,0.0,2026,AJ Johnson
Ajay Mitchell,2587,0,0,0,0,0,0,0,0,0,0,0.0,0.0,0.0,0.0,0.0,0.0,3082,0.8394,0.0,2026,Ajay Mitchell
Al Horford,1947,103,14,28,4,4,32,63,17,5,2,0.5,0.3107,0.6117,0.165,0.0485,0.0194,1997,0.975,0.0516,2026,Al Horford
Alex Antetokounmpo,29,0,0,0,0,0,0,0,0,0,0,0.0,0.0,0.0,0.0,0.0,0.0,46,0.6304,0.0,2026,Alex Antetokounmpo
Alex Caruso,1646,1,0,0,0,0,0,1,1,0,0,0.0,0.0,1.0,1.0,0.0,0.0,2129,0.7731,0.0005,2026,Alex Caruso
Alex Morales,39,0,0,0,0,0,0,0,0,0,0,0.0,0.0,0.0,0.0,0.0,0.0,48,0.8125,0.0,2026,Alex Morales
Alex Sarr,2729,42,15,27,4,6,34,10,1,0,3,0.5556,0.8095,0.2381,0.0238,0.0,0.0714,2755,0.9906,0.0152,2026,Alex Sarr
Alijah Martin,209,0,0,0,0,0,0,0,0,0,0,0.0,0.0,0.0,0.0,0.0,0.0,283,0.7385,0.0,2026,Alijah Martin
Alondes Williams,116,1,0,0,0,0,0,1,1,0,0,0.0,0.0,1.0,1.0,0.0,0.0,209,0.555,0.0048,2026,Alondes Williams
Alperen Sengun,5121,379,100,180,29,44,233,142,32,21,22,0.5556,0.6148,0.3747,0.0844,0.0554,0.058,4788,1.0695,0.0792,2026,Alperen Sengun
Amari Williams,174,0,0,0,0,0,0,0,0,0,0,0.0,0.0,0.0,0.0,0.0,0.0,292,0.5959,0.0,2026,Amari Williams
Amen Thompson,5788,2,1,1,0,0,2,1,1,0,0,1.0,1.0,0.5,0.5,0.0,0.0,5880,0.9844,0.0003,2026,Amen Thompson
Amir Coffey,496,0,0,0,0,0,0,0,0,0,0,0.0,0.0,0.0,0.0,0.0,0.0,965,0.514,0.0,2026,Amir Coffey
Andersson Garcia,209,0,0,0,0,0,0,0,0,0,0,0.0,0.0,0.0,0.0,0.0,0.0,357,0.5854,0.0,2026,Andersson Garcia
Andre Drummond,1430,12,5,8,1,2,11,0,0,1,1,0.625,0.9167,0.0,0.0,0.0833,0.0833,2510,0.5697,0.0048,2026,Andre Drummond
Andre Jackson Jr.,823,0,0,0,0,0,0,0,0,0,0,0.0,0.0,0.0,0.0,0.0,0.0,825,0.9976,0.0,2026,Andre Jackson Jr.
Andrew Nembhard,4984,9,1,6,0,0,2,3,2,0,0,0.1667,0.2222,0.3333,0.2222,0.0,0.0,3728,1.3369,0.0024,2026,Andrew Nembhard
Andrew Wiggins,2828,60,14,32,10,14,38,16,1,4,7,0.4375,0.6333,0.2667,0.0167,0.0667,0.1167,4270,0.6623,0.0141,2026,Andrew Wiggins
Anfernee Simons,2456,0,0,0,0,0,0,0,0,0,0,0.0,0.0,0.0,0.0,0.0,0.0,2736,0.8977,0.0,2026,Anfernee Simons
Anthony Black,3654,6,2,4,0,0,4,2,0,0,0,0.5,0.6667,0.3333,0.0,0.0,0.0,3927,0.9305,0.0015,2026,Anthony Black
Anthony Davis,1128,58,10,25,1,2,23,20,4,6,1,0.4,0.3966,0.3448,0.069,0.1034,0.0172,1223,0.9223,0.0474,2026,Anthony Davis
Anthony Edwards,4333,75,14,35,10,14,38,25,4,5,7,0.4,0.5067,0.3333,0.0533,0.0667,0.0933,4382,0.9888,0.0171,2026,Anthony Edwards
Anthony Gill,1175,4,2,3,0,0,4,1,0,0,0,0.6667,1.0,0.25,0.0,0.0,0.0,2011,0.5843,0.002,2026,Anthony Gill
Antonio Reeves,70,0,0,0,0,0,0,0,0,0,0,0.0,0.0,0.0,0.0,0.0,0.0,130,0.5385,0.0,2026,Antonio Reeves
Ariel Hukporti,519,6,0,3,0,0,0,1,0,1,0,0.0,0.0,0.1667,0.0,0.1667,0.0,987,0.5258,0.0061,2026,Ariel Hukporti
Asa Newell,658,7,0,1,0,0,0,4,1,0,0,0.0,0.0,0.5714,0.1429,0.0,0.0,1063,0.619,0.0066,2026,Asa Newell
Ausar Thompson,2917,11,1,1,5,8,7,4,0,0,4,1.0,0.6364,0.3636,0.0,0.0,0.3636,3791,0.7695,0.0029,2026,Ausar Thompson
Austin Reaves,3705,0,0,0,0,0,0,0,0,0,0,0.0,0.0,0.0,0.0,0.0,0.0,3613,1.0255,0.0,2026,Austin Reaves
Ayo Dosunmu,3687,0,0,0,0,0,0,0,0,0,0,0.0,0.0,0.0,0.0,0.0,0.0,3955,0.9322,0.0,2026,Ayo Dosunmu
Bam Adebayo,4101,188,28,73,20,26,77,85,17,11,13,0.3836,0.4096,0.4521,0.0904,0.0585,0.0691,4885,0.8395,0.0385,2026,Bam Adebayo
Baylor Scheierman,1655,0,0,0,0,0,0,0,0,0,0,0.0,0.0,0.0,0.0,0.0,0.0,2799,0.5913,0.0,2026,Baylor Scheierman
Ben Saraf,2122,0,0,0,0,0,0,0,0,0,0,0.0,0.0,0.0,0.0,0.0,0.0,1876,1.1311,0.0,2026,Ben Saraf
Ben Sheppard,2203,0,0,0,0,0,0,0,0,0,0,0.0,0.0,0.0,0.0,0.0,0.0,2931,0.7516,0.0,2026,Ben Sheppard
Bennedict Mathurin,2769,13,1,2,5,6,7,5,0,3,3,0.5,0.5385,0.3846,0.0,0.2308,0.2308,3342,0.8285,0.0039,2026,Bennedict Mathurin
Bez Mbeng,619,0,0,0,0,0,0,0,0,0,0,0.0,0.0,0.0,0.0,0.0,0.0,1080,0.5731,0.0,2026,Bez Mbeng
Bilal Coulibaly,2543,4,0,1,2,2,2,1,1,1,1,0.0,0.5,0.25,0.25,0.25,0.25,3139,0.8101,0.0013,2026,Bilal Coulibaly
Bismack Biyombo,163,1,0,0,0,0,0,1,0,0,0,0.0,0.0,1.0,0.0,0.0,0.0,280,0.5821,0.0036,2026,Bismack Biyombo
Blake Hinson,360,0,0,0,0,0,0,0,0,0,0,0.0,0.0,0.0,0.0,0.0,0.0,609,0.5911,0.0,2026,Blake Hinson
Blake Wesley,772,0,0,0,0,0,0,0,0,0,0,0.0,0.0,0.0,0.0,0.0,0.0,766,1.0078,0.0,2026,Blake Wesley
Bobby Portis,3048,163,45,84,13,14,104,61,16,8,7,0.5357,0.638,0.3742,0.0982,0.0491,0.0429,3207,0.9504,0.0508,2026,Bobby Portis
Bobi Klintman,101,0,0,0,0,0,0,0,0,0,0,0.0,0.0,0.0,0.0,0.0,0.0,150,0.6733,0.0,2026,Bobi Klintman
Bogdan Bogdanovic,786,0,0,0,0,0,0,0,0,0,0,0.0,0.0,0.0,0.0,0.0,0.0,886,0.8871,0.0,2026,Bogdan Bogdanovic
Bogdan BogdanoviÄ‡,786,0,0,0,0,0,0,0,0,0,0,0.0,0.0,0.0,0.0,0.0,0.0,886,0.8871,0.0,2026,Bogdan Bogdanovi
Bones Hyland,2754,1,1,1,0,0,2,0,0,0,0,1.0,2.0,0.0,0.0,0.0,0.0,2447,1.1255,0.0004,2026,Bones Hyland
Bradley Beal,177,0,0,0,0,0,0,0,0,0,0,0.0,0.0,0.0,0.0,0.0,0.0,243,0.7284,0.0,2026,Bradley Beal
Branden Carlson,727,3,0,1,1,2,1,1,0,0,1,0.0,0.3333,0.3333,0.0,0.0,0.3333,1000,0.727,0.003,2026,Branden Carlson
Brandin Podziemski,4846,8,2,2,0,0,4,6,1,0,0,1.0,0.5,0.75,0.125,0.0,0.0,4721,1.0265,0.0017,2026,Brandin Podziemski
Brandon Clarke,27,0,0,0,0,0,0,0,0,0,0,0.0,0.0,0.0,0.0,0.0,0.0,47,0.5745,0.0,2026,Brandon Clarke
Brandon Ingram,4241,123,26,59,10,12,64,44,10,6,6,0.4407,0.5203,0.3577,0.0813,0.0488,0.0488,5290,0.8017,0.0233,2026,Brandon Ingram
Brandon Miller,3828,15,2,8,3,4,7,4,0,1,2,0.25,0.4667,0.2667,0.0,0.0667,0.1333,3983,0.9611,0.0038,2026,Brandon Miller
Brandon Williams,3167,0,0,0,0,0,0,0,0,0,0,0.0,0.0,0.0,0.0,0.0,0.0,3127,1.0128,0.0,2026,Brandon Williams
Brice Sensabaugh,2744,1,0,1,0,0,0,0,0,0,0,0.0,0.0,0.0,0.0,0.0,0.0,3708,0.74,0.0003,2026,Brice Sensabaugh
Bronny James,747,0,0,0,0,0,0,0,0,0,0,0.0,0.0,0.0,0.0,0.0,0.0,745,1.0027,0.0,2026,Bronny James
Brook Lopez,1889,95,32,53,8,12,76,30,9,3,6,0.6038,0.8,0.3158,0.0947,0.0316,0.0632,3187,0.5927,0.0298,2026,Brook Lopez
Brooks Barnhizer,397,2,0,0,0,0,0,1,0,0,0,0.0,0.0,0.5,0.0,0.0,0.0,705,0.5631,0.0028,2026,Brooks Barnhizer
Bruce Brown,3034,0,0,0,0,0,0,0,0,0,0,0.0,0.0,0.0,0.0,0.0,0.0,4060,0.7473,0.0,2026,Bruce Brown
Bryce McGowens,1147,1,0,1,0,0,0,0,0,0,0,0.0,0.0,0.0,0.0,0.0,0.0,1855,0.6183,0.0005,2026,Bryce McGowens
Bub Carrington,4855,7,2,6,0,0,4,1,0,0,0,0.3333,0.5714,0.1429,0.0,0.0,0.0,4822,1.0068,0.0015,2026,Bub Carrington
Buddy Boeheim,12,0,0,0,0,0,0,0,0,0,0,0.0,0.0,0.0,0.0,0.0,0.0,30,0.4,0.0,2026,Buddy Boeheim
Buddy Hield,1514,1,0,0,0,0,0,1,0,0,0,0.0,0.0,1.0,0.0,0.0,0.0,1723,0.8787,0.0006,2026,Buddy Hield
Cade Cunningham,5583,70,21,36,1,2,45,28,12,2,1,0.5833,0.6429,0.4,0.1714,0.0286,0.0143,4396,1.27,0.0159,2026,Cade Cunningham
Caleb Houstan,94,0,0,0,0,0,0,0,0,0,0,0.0,0.0,0.0,0.0,0.0,0.0,155,0.6065,0.0,2026,Caleb Houstan
Caleb Love,1849,0,0,0,0,0,0,0,0,0,0,0.0,0.0,0.0,0.0,0.0,0.0,2124,0.8705,0.0,2026,Caleb Love
Caleb Martin,1027,1,0,1,0,0,0,0,0,0,0,0.0,0.0,0.0,0.0,0.0,0.0,1780,0.577,0.0006,2026,Caleb Martin
Cam Christie,711,0,0,0,0,0,0,0,0,0,0,0.0,0.0,0.0,0.0,0.0,0.0,945,0.7524,0.0,2026,Cam Christie
Cam Spencer,3809,0,0,0,0,0,0,0,0,0,0,0.0,0.0,0.0,0.0,0.0,0.0,3556,1.0711,0.0,2026,Cam Spencer
Cam Thomas,1721,8,3,5,4,4,10,1,0,0,2,0.6,1.25,0.125,0.0,0.0,0.25,1735,0.9919,0.0046,2026,Cam Thomas
Cam Whitmore,432,2,2,2,0,0,4,0,0,0,0,1.0,2.0,0.0,0.0,0.0,0.0,758,0.5699,0.0026,2026,Cam Whitmore
Cameron Johnson,2013,0,0,0,0,0,0,0,0,0,0,0.0,0.0,0.0,0.0,0.0,0.0,3414,0.5896,0.0,2026,Cameron Johnson
Cameron Payne,887,0,0,0,0,0,0,0,0,0,0,0.0,0.0,0.0,0.0,0.0,0.0,794,1.1171,0.0,2026,Cameron Payne
Caris LeVert,2080,1,0,0,0,0,0,0,0,1,0,0.0,0.0,0.0,0.0,1.0,0.0,2367,0.8787,0.0004,2026,Caris LeVert
Carter Bryant,1001,0,0,0,0,0,0,0,0,0,0,0.0,0.0,0.0,0.0,0.0,0.0,1663,0.6019,0.0,2026,Carter Bryant
Cason Wallace,2829,2,1,1,0,0,2,1,0,0,0,1.0,1.0,0.5,0.0,0.0,0.0,4244,0.6666,0.0005,2026,Cason Wallace
Cedric Coward,3400,14,4,5,4,4,13,5,2,1,2,0.8,0.9286,0.3571,0.1429,0.0714,0.1429,3377,1.0068,0.0041,2026,Cedric Coward
Chaney Johnson,505,1,0,0,0,0,0,1,0,0,0,0.0,0.0,1.0,0.0,0.0,0.0,713,0.7083,0.0014,2026,Chaney Johnson
Charles Bassey,248,10,1,1,5,6,7,5,1,0,3,1.0,0.7,0.5,0.1,0.0,0.3,310,0.8,0.0323,2026,Charles Bassey
Chaz Lanier,251,0,0,0,0,0,0,0,0,0,0,0.0,0.0,0.0,0.0,0.0,0.0,537,0.4674,0.0,2026,Chaz Lanier
Chet Holmgren,3116,69,21,34,13,16,55,18,3,3,8,0.6176,0.7971,0.2609,0.0435,0.0435,0.1159,4117,0.7569,0.0168,2026,Chet Holmgren
Chris Boucher,113,0,0,0,0,0,0,0,0,0,0,0.0,0.0,0.0,0.0,0.0,0.0,182,0.6209,0.0,2026,Chris Boucher
Chris Livingston,21,0,0,0,0,0,0,0,0,0,0,0.0,0.0,0.0,0.0,0.0,0.0,36,0.5833,0.0,2026,Chris Livingston
Chris MaÃ±on,57,0,0,0,0,0,0,0,0,0,0,0.0,0.0,0.0,0.0,0.0,0.0,90,0.6333,0.0,2026,Chris Maon
Chris Paul,510,3,0,1,0,0,0,2,1,0,0,0.0,0.0,0.6667,0.3333,0.0,0.0,453,1.1258,0.0066,2026,Chris Paul
Chris Youngblood,183,0,0,0,0,0,0,0,0,0,0,0.0,0.0,0.0,0.0,0.0,0.0,375,0.488,0.0,2026,Chris Youngblood
Christian Braun,2088,1,0,0,1,2,1,0,0,0,1,0.0,1.0,0.0,0.0,0.0,1.0,2908,0.718,0.0003,2026,Christian Braun
Christian Koloko,412,1,0,0,0,0,0,0,0,1,0,0.0,0.0,0.0,0.0,1.0,0.0,752,0.5479,0.0013,2026,Christian Koloko
Chucky Hepburn,31,0,0,0,0,0,0,0,0,0,0,0.0,0.0,0.0,0.0,0.0,0.0,25,1.24,0.0,2026,Chucky Hepburn
CJ Huntley,34,0,0,0,0,0,0,0,0,0,0,0.0,0.0,0.0,0.0,0.0,0.0,84,0.4048,0.0,2026,CJ Huntley
CJ McCollum,4372,3,1,2,0,0,2,1,0,0,0,0.5,0.6667,0.3333,0.0,0.0,0.0,4777,0.9152,0.0006,2026,CJ McCollum
Clint Capela,1182,8,2,3,0,2,4,4,0,0,1,0.6667,0.5,0.5,0.0,0.0,0.125,1842,0.6417,0.0043,2026,Clint Capela
Coby White,2620,2,0,0,0,0,0,2,2,0,0,0.0,0.0,1.0,1.0,0.0,0.0,2582,1.0147,0.0008,2026,Coby White
Cody Martin,73,0,0,0,0,0,0,0,0,0,0,0.0,0.0,0.0,0.0,0.0,0.0,114,0.6404,0.0,2026,Cody Martin
Cody Williams,2195,0,0,0,0,0,0,0,0,0,0,0.0,0.0,0.0,0.0,0.0,0.0,3457,0.6349,0.0,2026,Cody Williams
Colby Jones,11,0,0,0,0,0,0,0,0,0,0,0.0,0.0,0.0,0.0,0.0,0.0,14,0.7857,0.0,2026,Colby Jones
Cole Anthony,1253,0,0,0,0,0,0,0,0,0,0,0.0,0.0,0.0,0.0,0.0,0.0,1051,1.1922,0.0,2026,Cole Anthony
Colin Castleton,30,0,0,0,0,0,0,0,0,0,0,0.0,0.0,0.0,0.0,0.0,0.0,42,0.7143,0.0,2026,Colin Castleton
Collin Gillespie,4813,0,0,0,0,0,0,0,0,0,0,0.0,0.0,0.0,0.0,0.0,0.0,4624,1.0409,0.0,2026,Collin Gillespie
Collin Murray-Boyles,1905,16,6,8,0,0,12,2,0,2,0,0.75,0.75,0.125,0.0,0.125,0.0,2508,0.7596,0.0064,2026,Collin Murray-Boyles
Collin Sexton,3260,2,0,1,1,2,0,0,0,0,1,0.0,0.0,0.0,0.0,0.0,0.5,3384,0.9634,0.0006,2026,Collin Sexton
Cooper Flagg,4511,33,9,16,0,0,19,11,5,4,0,0.5625,0.5758,0.3333,0.1515,0.1212,0.0,4674,0.9651,0.0071,2026,Cooper Flagg
Corey Kispert,1457,0,0,0,0,0,0,0,0,0,0,0.0,0.0,0.0,0.0,0.0,0.0,2287,0.6371,0.0,2026,Corey Kispert
Cormac Ryan,394,0,0,0,0,0,0,0,0,0,0,0.0,0.0,0.0,0.0,0.0,0.0,536,0.7351,0.0,2026,Cormac Ryan
Craig Porter Jr.,2221,1,0,1,0,0,0,0,0,0,0,0.0,0.0,0.0,0.0,0.0,0.0,2343,0.9479,0.0004,2026,Craig Porter Jr.
Curtis Jones,132,0,0,0,0,0,0,0,0,0,0,0.0,0.0,0.0,0.0,0.0,0.0,178,0.7416,0.0,2026,Curtis Jones
D'Angelo Russell,1209,1,1,1,0,0,2,0,0,0,0,1.0,2.0,0.0,0.0,0.0,0.0,1051,1.1503,0.001,2026,D'Angelo Russell
Daeqwon Plowden,1111,0,0,0,0,0,0,0,0,0,0,0.0,0.0,0.0,0.0,0.0,0.0,1736,0.64,0.0,2026,Daeqwon Plowden
Dalano Banton,130,0,0,0,0,0,0,0,0,0,0,0.0,0.0,0.0,0.0,0.0,0.0,128,1.0156,0.0,2026,Dalano Banton
Dalen Terry,939,0,0,0,0,0,0,0,0,0,0,0.0,0.0,0.0,0.0,0.0,0.0,1167,0.8046,0.0,2026,Dalen Terry
Dalton Knecht,703,0,0,0,0,0,0,0,0,0,0,0.0,0.0,0.0,0.0,0.0,0.0,1116,0.6299,0.0,2026,Dalton Knecht
Daniel Gafford,1469,38,12,19,2,2,26,11,2,5,1,0.6316,0.6842,0.2895,0.0526,0.1316,0.0263,2339,0.628,0.0162,2026,Daniel Gafford
Daniss Jenkins,3199,0,0,0,0,0,0,0,0,0,0,0.0,0.0,0.0,0.0,0.0,0.0,2972,1.0764,0.0,2026,Daniss Jenkins
Danny Wolf,2023,15,2,6,2,2,6,6,0,2,1,0.3333,0.4,0.4,0.0,0.1333,0.0667,2367,0.8547,0.0063,2026,Danny Wolf
DaQuan Jeffries,52,0,0,0,0,0,0,0,0,0,0,0.0,0.0,0.0,0.0,0.0,0.0,116,0.4483,0.0,2026,DaQuan Jeffries
Dario Saric,40,0,0,0,0,0,0,0,0,0,0,0.0,0.0,0.0,0.0,0.0,0.0,82,0.4878,0.0,2026,Dario Saric
Dario Å ariÄ‡,40,0,0,0,0,0,0,0,0,0,0,0.0,0.0,0.0,0.0,0.0,0.0,82,0.4878,0.0,2026,Dario ari
Dariq Whitehead,278,0,0,0,0,0,0,0,0,0,0,0.0,0.0,0.0,0.0,0.0,0.0,399,0.6967,0.0,2026,Dariq Whitehead
Darius Brown,5,0,0,0,0,0,0,0,0,0,0,0.0,0.0,0.0,0.0,0.0,0.0,4,1.25,0.0,2026,Darius Brown
Darius Garland,2809,1,0,0,0,0,0,1,0,0,0,0.0,0.0,1.0,0.0,0.0,0.0,2647,1.0612,0.0004,2026,Darius Garland
DaRon Holmes II,273,2,0,0,0,0,0,1,0,1,0,0.0,0.0,0.5,0.0,0.5,0.0,408,0.6691,0.0049,2026,DaRon Holmes II
David Jones Garcia,132,0,0,0,0,0,0,0,0,0,0,0.0,0.0,0.0,0.0,0.0,0.0,150,0.88,0.0,2026,David Jones Garcia
David Roddy,116,0,0,0,0,0,0,0,0,0,0,0.0,0.0,0.0,0.0,0.0,0.0,155,0.7484,0.0,2026,David Roddy
Davion Mitchell,4421,0,0,0,0,0,0,0,0,0,0,0.0,0.0,0.0,0.0,0.0,0.0,4131,1.0702,0.0,2026,Davion Mitchell
Day'Ron Sharpe,2177,48,11,20,12,14,35,12,5,4,7,0.55,0.7292,0.25,0.1042,0.0833,0.1458,2330,0.9343,0.0206,2026,Day'Ron Sharpe
De'Aaron Fox,4726,2,1,2,0,0,2,0,0,0,0,0.5,1.0,0.0,0.0,0.0,0.0,4691,1.0075,0.0004,2026,De'Aaron Fox
De'Andre Hunter,1798,4,0,2,0,0,0,0,0,0,0,0.0,0.0,0.0,0.0,0.0,0.0,2432,0.7393,0.0016,2026,De'Andre Hunter
De'Anthony Melton,2437,4,3,3,0,0,6,0,0,1,0,1.0,1.5,0.0,0.0,0.25,0.0,2261,1.0778,0.0018,2026,De'Anthony Melton
Dean Wade,1681,0,0,0,0,0,0,0,0,0,0,0.0,0.0,0.0,0.0,0.0,0.0,2708,0.6208,0.0,2026,Dean Wade
Deandre Ayton,2671,73,27,46,5,6,60,14,1,4,3,0.587,0.8219,0.1918,0.0137,0.0548,0.0411,3996,0.6684,0.0183,2026,Deandre Ayton
DeAndre Jordan,241,1,0,0,1,2,1,0,0,0,1,0.0,1.0,0.0,0.0,0.0,1.0,411,0.5864,0.0024,2026,DeAndre Jordan
DeJon Jarreau,522,0,0,0,0,0,0,0,0,0,0,0.0,0.0,0.0,0.0,0.0,0.0,483,1.0807,0.0,2026,DeJon Jarreau
Dejounte Murray,932,1,0,0,0,0,0,1,0,0,0,0.0,0.0,1.0,0.0,0.0,0.0,809,1.152,0.0012,2026,Dejounte Murray
DeMar DeRozan,3327,219,46,92,29,36,130,96,21,6,19,0.5,0.5936,0.4384,0.0959,0.0274,0.0868,4975,0.6687,0.044,2026,DeMar DeRozan
Deni Avdija,5536,38,5,8,2,2,13,24,1,1,1,0.625,0.3421,0.6316,0.0263,0.0263,0.0263,4621,1.198,0.0082,2026,Deni Avdija
Dennis Schroder,3961,3,0,0,0,0,0,2,0,1,0,0.0,0.0,0.6667,0.0,0.3333,0.0,3464,1.1435,0.0009,2026,Dennis Schroder
Dennis SchrÃ¶der,3961,3,0,0,0,0,0,2,0,1,0,0.0,0.0,0.6667,0.0,0.3333,0.0,3464,1.1435,0.0009,2026,Dennis Schrder
Dereck Lively II,170,0,0,0,0,0,0,0,0,0,0,0.0,0.0,0.0,0.0,0.0,0.0,247,0.6883,0.0,2026,Dereck Lively II
Derik Queen,4036,99,16,41,11,14,44,38,11,8,8,0.3902,0.4444,0.3838,0.1111,0.0808,0.0808,4268,0.9456,0.0232,2026,Derik Queen
Derrick Jones Jr.,1633,1,0,0,0,0,0,1,0,0,0,0.0,0.0,1.0,0.0,0.0,0.0,2663,0.6132,0.0004,2026,Derrick Jones Jr.
Derrick White,5991,0,0,0,0,0,0,0,0,0,0,0.0,0.0,0.0,0.0,0.0,0.0,5176,1.1575,0.0,2026,Derrick White
Desmond Bane,4869,1,0,0,0,0,0,1,0,0,0,0.0,0.0,1.0,0.0,0.0,0.0,5740,0.8483,0.0002,2026,Desmond Bane
Devin Booker,4112,57,9,23,6,6,25,22,9,5,3,0.3913,0.4386,0.386,0.1579,0.0877,0.0526,4452,0.9236,0.0128,2026,Devin Booker
Devin Carter,1469,1,0,0,0,0,0,1,0,0,0,0.0,0.0,1.0,0.0,0.0,0.0,1435,1.0237,0.0007,2026,Devin Carter
Devin Vassell,2830,2,0,2,0,0,0,0,0,0,0,0.0,0.0,0.0,0.0,0.0,0.0,4249,0.666,0.0005,2026,Devin Vassell
Dillon Brooks,2371,63,24,43,7,10,56,10,4,2,6,0.5581,0.8889,0.1587,0.0635,0.0317,0.0952,3500,0.6774,0.018,2026,Dillon Brooks
Dillon Jones,61,0,0,0,0,0,0,0,0,0,0,0.0,0.0,0.0,0.0,0.0,0.0,81,0.7531,0.0,2026,Dillon Jones
Domantas Sabonis,1212,42,5,16,5,6,15,16,4,7,3,0.3125,0.3571,0.381,0.0952,0.1667,0.0714,1182,1.0254,0.0355,2026,Domantas Sabonis
Dominick Barlow,1961,2,1,1,0,0,2,1,0,0,0,1.0,1.0,0.5,0.0,0.0,0.0,3493,0.5614,0.0006,2026,Dominick Barlow
Donovan Clingan,3230,23,7,9,4,6,19,7,4,4,3,0.7778,0.8261,0.3043,0.1739,0.1739,0.1304,4351,0.7424,0.0053,2026,Donovan Clingan
Donovan Mitchell,4842,1,0,0,0,0,0,0,0,1,0,0.0,0.0,0.0,0.0,1.0,0.0,4827,1.0031,0.0002,2026,Donovan Mitchell
Donte DiVincenzo,4422,0,0,0,0,0,0,0,0,0,0,0.0,0.0,0.0,0.0,0.0,0.0,5136,0.861,0.0,2026,Donte DiVincenzo
Dorian Finney-Smith,741,0,0,0,0,0,0,0,0,0,0,0.0,0.0,0.0,0.0,0.0,0.0,1244,0.5957,0.0,2026,Dorian Finney-Smith
Doug McDermott,570,0,0,0,0,0,0,0,0,0,0,0.0,0.0,0.0,0.0,0.0,0.0,906,0.6291,0.0,2026,Doug McDermott
Drake Powell,1847,0,0,0,0,0,0,0,0,0,0,0.0,0.0,0.0,0.0,0.0,0.0,2637,0.7004,0.0,2026,Drake Powell
Draymond Green,4591,12,0,2,0,0,0,9,2,1,0,0.0,0.0,0.75,0.1667,0.0833,0.0,3766,1.2191,0.0032,2026,Draymond Green
Drew Eubanks,666,6,2,3,0,0,4,0,0,1,0,0.6667,0.6667,0.0,0.0,0.1667,0.0,1140,0.5842,0.0053,2026,Drew Eubanks
Drew Peterson,78,0,0,0,0,0,0,0,0,0,0,0.0,0.0,0.0,0.0,0.0,0.0,128,0.6094,0.0,2026,Drew Peterson
Drew Timme,374,16,3,10,0,0,6,5,0,1,0,0.3,0.375,0.3125,0.0,0.0625,0.0,458,0.8166,0.0349,2026,Drew Timme
Dru Smith,2247,2,0,1,0,0,0,1,0,0,0,0.0,0.0,0.5,0.0,0.0,0.0,2386,0.9417,0.0008,2026,Dru Smith
Duncan Robinson,2455,0,0,0,0,0,0,0,0,0,0,0.0,0.0,0.0,0.0,0.0,0.0,4316,0.5688,0.0,2026,Duncan Robinson
Duop Reath,305,2,1,2,0,0,3,0,0,0,0,0.5,1.5,0.0,0.0,0.0,0.0,545,0.5596,0.0037,2026,Duop Reath
Dwight Powell,1108,1,0,0,0,0,0,1,0,0,0,0.0,0.0,1.0,0.0,0.0,0.0,1911,0.5798,0.0005,2026,Dwight Powell
Dylan Cardwell,1057,10,0,1,1,2,1,7,2,0,1,0.0,0.1,0.7,0.2,0.0,0.1,1850,0.5714,0.0054,2026,Dylan Cardwell
Dylan Harper,3274,1,1,1,0,0,3,0,0,0,0,1.0,3.0,0.0,0.0,0.0,0.0,3211,1.0196,0.0003,2026,Dylan Harper
Dyson Daniels,4909,2,0,0,0,0,0,2,1,0,0,0.0,0.0,1.0,0.5,0.0,0.0,5304,0.9255,0.0004,2026,Dyson Daniels
E.J. Liddell,493,7,3,6,0,0,6,1,0,0,0,0.5,0.8571,0.1429,0.0,0.0,0.0,706,0.6983,0.0099,2026,E.J. Liddell
Egor DÃ«min,2810,1,1,1,0,0,2,0,0,0,0,1.0,2.0,0.0,0.0,0.0,0.0,2650,1.0604,0.0004,2026,Egor Dmin
Elijah Harkless,914,0,0,0,0,0,0,0,0,0,0,0.0,0.0,0.0,0.0,0.0,0.0,1159,0.7886,0.0,2026,Elijah Harkless
Emanuel Miller,44,0,0,0,0,0,0,0,0,0,0,0.0,0.0,0.0,0.0,0.0,0.0,69,0.6377,0.0,2026,Emanuel Miller
Enrique Freeman,42,0,0,0,0,0,0,0,0,0,0,0.0,0.0,0.0,0.0,0.0,0.0,85,0.4941,0.0,2026,Enrique Freeman
Eric Gordon,103,0,0,0,0,0,0,0,0,0,0,0.0,0.0,0.0,0.0,0.0,0.0,150,0.6867,0.0,2026,Eric Gordon
Ethan Thompson,976,0,0,0,0,0,0,0,0,0,0,0.0,0.0,0.0,0.0,0.0,0.0,1352,0.7219,0.0,2026,Ethan Thompson
Evan Mobley,4140,97,18,39,7,14,44,34,13,10,8,0.4615,0.4536,0.3505,0.134,0.1031,0.0825,4199,0.9859,0.0231,2026,Evan Mobley
Franz Wagner,1838,20,5,8,4,4,15,6,1,2,3,0.625,0.75,0.3,0.05,0.1,0.15,2169,0.8474,0.0092,2026,Franz Wagner
Gabe Vincent,1204,0,0,0,0,0,0,0,0,0,0,0.0,0.0,0.0,0.0,0.0,0.0,1822,0.6608,0.0,2026,Gabe Vincent
Garrett Temple,149,1,1,1,0,0,2,0,0,0,0,1.0,2.0,0.0,0.0,0.0,0.0,146,1.0205,0.0068,2026,Garrett Temple
Garrison Mathews,255,0,0,0,0,0,0,0,0,0,0,0.0,0.0,0.0,0.0,0.0,0.0,413,0.6174,0.0,2026,Garrison Mathews
Gary Harris,700,0,0,0,0,0,0,0,0,0,0,0.0,0.0,0.0,0.0,0.0,0.0,1280,0.5469,0.0,2026,Gary Harris
Gary Payton II,2064,13,0,0,0,0,0,11,3,1,0,0.0,0.0,0.8462,0.2308,0.0769,0.0,2278,0.9061,0.0057,2026,Gary Payton II
Gary Trent Jr.,1291,0,0,0,0,0,0,0,0,0,0,0.0,0.0,0.0,0.0,0.0,0.0,2721,0.4745,0.0,2026,Gary Trent Jr.
GG Jackson,2107,6,0,2,1,2,1,0,0,2,1,0.0,0.1667,0.0,0.0,0.3333,0.1667,2457,0.8575,0.0024,2026,GG Jackson
Giannis Antetokounmpo,2553,186,42,71,8,12,95,77,18,16,6,0.5915,0.5108,0.414,0.0968,0.086,0.0323,2123,1.2025,0.0876,2026,Giannis Antetokounmpo
Goga Bitadze,1402,15,5,5,6,8,16,5,2,0,4,1.0,1.0667,0.3333,0.1333,0.0,0.2667,2006,0.6989,0.0075,2026,Goga Bitadze
Gradey Dick,1228,0,0,0,0,0,0,0,0,0,0,0.0,0.0,0.0,0.0,0.0,0.0,2231,0.5504,0.0,2026,Gradey Dick
Grant Nelson,59,1,0,0,0,0,0,1,0,0,0,0.0,0.0,1.0,0.0,0.0,0.0,69,0.8551,0.0145,2026,Grant Nelson
Grant Williams,977,12,1,4,3,6,5,3,0,1,3,0.25,0.4167,0.25,0.0,0.0833,0.25,1441,0.678,0.0083,2026,Grant Williams
Grayson Allen,2751,0,0,0,0,0,0,0,0,0,0,0.0,0.0,0.0,0.0,0.0,0.0,2973,0.9253,0.0,2026,Grayson Allen
Guerschon Yabusele,1415,21,4,9,3,4,11,7,3,1,2,0.4444,0.5238,0.3333,0.1429,0.0476,0.0952,2110,0.6706,0.01,2026,Guerschon Yabusele
Gui Santos,2554,23,2,6,2,2,6,11,2,4,1,0.3333,0.2609,0.4783,0.087,0.1739,0.0435,2764,0.924,0.0083,2026,Gui Santos
Harrison Barnes,2427,11,2,4,2,2,7,3,0,3,1,0.5,0.6364,0.2727,0.0,0.2727,0.0909,4119,0.5892,0.0027,2026,Harrison Barnes
Harrison Ingram,33,0,0,0,0,0,0,0,0,0,0,0.0,0.0,0.0,0.0,0.0,0.0,55,0.6,0.0,2026,Harrison Ingram
Hayden Gray,26,0,0,0,0,0,0,0,0,0,0,0.0,0.0,0.0,0.0,0.0,0.0,52,0.5,0.0,2026,Hayden Gray
Haywood Highsmith,101,0,0,0,0,0,0,0,0,0,0,0.0,0.0,0.0,0.0,0.0,0.0,175,0.5771,0.0,2026,Haywood Highsmith
Herbert Jones,2499,1,0,0,0,0,0,1,1,0,0,0.0,0.0,1.0,1.0,0.0,0.0,3285,0.7607,0.0003,2026,Herbert Jones
Hugo GonzÃ¡lez,1274,0,0,0,0,0,0,0,0,0,0,0.0,0.0,0.0,0.0,0.0,0.0,2123,0.6001,0.0,2026,Hugo Gonzlez
Hunter Dickinson,60,1,1,1,0,0,2,0,0,0,0,1.0,2.0,0.0,0.0,0.0,0.0,96,0.625,0.0104,2026,Hunter Dickinson
Hunter Sallis,62,0,0,0,0,0,0,0,0,0,0,0.0,0.0,0.0,0.0,0.0,0.0,55,1.1273,0.0,2026,Hunter Sallis
Hunter Tyson,212,0,0,0,0,0,0,0,0,0,0,0.0,0.0,0.0,0.0,0.0,0.0,318,0.6667,0.0,2026,Hunter Tyson
Immanuel Quickley,5043,0,0,0,0,0,0,0,0,0,0,0.0,0.0,0.0,0.0,0.0,0.0,4545,1.1096,0.0,2026,Immanuel Quickley
Isaac Jones,27,0,0,0,0,0,0,0,0,0,0,0.0,0.0,0.0,0.0,0.0,0.0,69,0.3913,0.0,2026,Isaac Jones
Isaac Okoro,1851,14,1,2,2,2,4,9,4,1,1,0.5,0.2857,0.6429,0.2857,0.0714,0.0714,3568,0.5188,0.0039,2026,Isaac Okoro
Isaiah Collier,3981,4,1,1,0,0,2,2,0,0,0,1.0,0.5,0.5,0.0,0.0,0.0,3183,1.2507,0.0013,2026,Isaiah Collier
Isaiah Crawford,83,1,1,1,0,0,2,0,0,0,0,1.0,2.0,0.0,0.0,0.0,0.0,181,0.4586,0.0055,2026,Isaiah Crawford
Isaiah Hartenstein,2149,14,3,5,0,0,6,6,4,2,0,0.6,0.4286,0.4286,0.2857,0.1429,0.0,2336,0.9199,0.006,2026,Isaiah Hartenstein
Isaiah Jackson,1156,20,8,10,8,10,24,1,0,3,5,0.8,1.2,0.05,0.0,0.15,0.25,1845,0.6266,0.0108,2026,Isaiah Jackson
Isaiah Joe,1968,0,0,0,0,0,0,0,0,0,0,0.0,0.0,0.0,0.0,0.0,0.0,3108,0.6332,0.0,2026,Isaiah Joe
Isaiah Livers,379,0,0,0,0,0,0,0,0,0,0,0.0,0.0,0.0,0.0,0.0,0.0,713,0.5316,0.0,2026,Isaiah Livers
Isaiah Stevens,94,0,0,0,0,0,0,0,0,0,0,0.0,0.0,0.0,0.0,0.0,0.0,84,1.119,0.0,2026,Isaiah Stevens
Isaiah Stewart,1458,58,16,30,5,8,40,8,2,8,5,0.5333,0.6897,0.1379,0.0345,0.1379,0.0862,2627,0.555,0.0221,2026,Isaiah Stewart
Ivica Zubac,2304,232,57,103,10,20,127,87,20,14,11,0.5534,0.5474,0.375,0.0862,0.0603,0.0474,2898,0.795,0.0801,2026,Ivica Zubac
Ja Morant,1431,7,1,3,2,2,4,3,0,0,1,0.3333,0.5714,0.4286,0.0,0.0,0.1429,1228,1.1653,0.0057,2026,Ja Morant
Ja'Kobe Walter,1784,0,0,0,0,0,0,0,0,0,0,0.0,0.0,0.0,0.0,0.0,0.0,3001,0.5945,0.0,2026,Ja'Kobe Walter
Jabari Smith Jr.,3999,40,11,21,2,2,24,12,2,4,1,0.5238,0.6,0.3,0.05,0.1,0.025,5377,0.7437,0.0074,2026,Jabari Smith Jr.
Jabari Walker,906,2,0,1,0,0,0,1,0,0,0,0.0,0.0,0.5,0.0,0.0,0.0,1580,0.5734,0.0013,2026,Jabari Walker
Jacob Toppin,35,0,0,0,0,0,0,0,0,0,0,0.0,0.0,0.0,0.0,0.0,0.0,32,1.0938,0.0,2026,Jacob Toppin
Jaden Hardy,1313,0,0,0,0,0,0,0,0,0,0,0.0,0.0,0.0,0.0,0.0,0.0,1887,0.6958,0.0,2026,Jaden Hardy
Jaden Ivey,1097,0,0,0,0,0,0,0,0,0,0,0.0,0.0,0.0,0.0,0.0,0.0,1355,0.8096,0.0,2026,Jaden Ivey
Jaden McDaniels,3369,8,2,4,0,0,4,3,1,0,0,0.5,0.5,0.375,0.125,0.0,0.0,4753,0.7088,0.0017,2026,Jaden McDaniels
Jae'Sean Tate,524,11,3,6,0,0,6,4,0,0,0,0.5,0.5455,0.3636,0.0,0.0,0.0,783,0.6692,0.014,2026,Jae'Sean Tate
Jahmai Mashack,1112,0,0,0,0,0,0,0,0,0,0,0.0,0.0,0.0,0.0,0.0,0.0,1424,0.7809,0.0,2026,Jahmai Mashack
Jahmir Young,132,0,0,0,0,0,0,0,0,0,0,0.0,0.0,0.0,0.0,0.0,0.0,128,1.0312,0.0,2026,Jahmir Young
Jahmyl Telfort,30,0,0,0,0,0,0,0,0,0,0,0.0,0.0,0.0,0.0,0.0,0.0,64,0.4688,0.0,2026,Jahmyl Telfort
Jaime Jaquez Jr.,4900,41,11,18,0,0,22,20,1,2,0,0.6111,0.5366,0.4878,0.0244,0.0488,0.0,4524,1.0831,0.0091,2026,Jaime Jaquez Jr.
Jake LaRavia,3034,4,1,3,0,0,2,1,1,0,0,0.3333,0.5,0.25,0.25,0.0,0.0,4217,0.7195,0.0009,2026,Jake LaRavia
Jakob Poeltl,1702,19,4,5,2,4,10,10,2,2,2,0.8,0.5263,0.5263,0.1053,0.1053,0.1053,2348,0.7249,0.0081,2026,Jakob Poeltl
Jalen Brunson,6755,46,13,28,5,6,31,12,1,2,3,0.4643,0.6739,0.2609,0.0217,0.0435,0.0652,5243,1.2884,0.0088,2026,Jalen Brunson
Jalen Duren,3470,82,23,51,26,32,73,11,0,3,16,0.451,0.8902,0.1341,0.0,0.0366,0.1951,4075,0.8515,0.0201,2026,Jalen Duren
Jalen Green,1532,1,0,0,0,0,0,1,0,0,0,0.0,0.0,1.0,0.0,0.0,0.0,1691,0.906,0.0006,2026,Jalen Green
Jalen Johnson,6423,69,20,32,9,10,49,21,7,6,5,0.625,0.7101,0.3043,0.1014,0.087,0.0725,5390,1.1917,0.0128,2026,Jalen Johnson
Jalen Pickett,1457,5,0,2,0,0,0,1,0,2,0,0.0,0.0,0.2,0.0,0.4,0.0,1615,0.9022,0.0031,2026,Jalen Pickett
Jalen Slawson,568,4,1,2,0,0,2,2,0,0,0,0.5,0.5,0.5,0.0,0.0,0.0,641,0.8861,0.0062,2026,Jalen Slawson
Jalen Smith,1827,10,4,6,0,0,8,2,0,2,0,0.6667,0.8,0.2,0.0,0.2,0.0,2305,0.7926,0.0043,2026,Jalen Smith
Jalen Suggs,3700,5,1,1,0,0,2,3,0,0,0,1.0,0.4,0.6,0.0,0.0,0.0,3360,1.1012,0.0015,2026,Jalen Suggs
Jalen Williams,1807,0,0,0,0,0,0,0,0,0,0,0.0,0.0,0.0,0.0,0.0,0.0,1957,0.9234,0.0,2026,Jalen Williams
Jalen Wilson,1220,2,0,1,0,0,0,1,0,0,0,0.0,0.0,0.5,0.0,0.0,0.0,1714,0.7118,0.0012,2026,Jalen Wilson
Jamal Cain,571,0,0,0,0,0,0,0,0,0,0,0.0,0.0,0.0,0.0,0.0,0.0,993,0.575,0.0,2026,Jamal Cain
Jamal Murray,5720,47,17,32,5,6,39,11,1,1,3,0.5312,0.8298,0.234,0.0213,0.0213,0.0638,5446,1.0503,0.0086,2026,Jamal Murray
Jamal Shead,4029,0,0,0,0,0,0,0,0,0,0,0.0,0.0,0.0,0.0,0.0,0.0,3781,1.0656,0.0,2026,Jamal Shead
Jamaree Bouyea,1282,0,0,0,0,0,0,0,0,0,0,0.0,0.0,0.0,0.0,0.0,0.0,1266,1.0126,0.0,2026,Jamaree Bouyea
James Harden,5366,44,10,20,8,8,28,19,9,1,4,0.5,0.6364,0.4318,0.2045,0.0227,0.0909,4929,1.0887,0.0089,2026,James Harden
James Wiseman,61,2,0,1,0,0,0,0,0,1,0,0.0,0.0,0.0,0.0,0.5,0.0,124,0.4919,0.0161,2026,James Wiseman
Jamir Watkins,1297,2,0,1,0,0,0,1,1,0,0,0.0,0.0,0.5,0.5,0.0,0.0,2163,0.5996,0.0009,2026,Jamir Watkins
Jamison Battle,575,1,0,0,0,0,0,0,0,1,0,0.0,0.0,0.0,0.0,1.0,0.0,1062,0.5414,0.0009,2026,Jamison Battle
Jarace Walker,3215,14,1,4,1,2,3,7,1,2,1,0.25,0.2143,0.5,0.0714,0.1429,0.0714,4139,0.7768,0.0034,2026,Jarace Walker
Jared McCain,1930,0,0,0,0,0,0,0,0,0,0,0.0,0.0,0.0,0.0,0.0,0.0,2416,0.7988,0.0,2026,Jared McCain
Jaren Jackson Jr.,2340,152,43,81,10,14,98,47,8,9,7,0.5309,0.6447,0.3092,0.0526,0.0592,0.0461,3050,0.7672,0.0498,2026,Jaren Jackson Jr.
Jarred Vanderbilt,1450,0,0,0,0,0,0,0,0,0,0,0.0,0.0,0.0,0.0,0.0,0.0,2296,0.6315,0.0,2026,Jarred Vanderbilt
Jarrett Allen,2091,55,19,28,12,18,50,5,3,6,9,0.6786,0.9091,0.0909,0.0545,0.1091,0.1636,3116,0.6711,0.0177,2026,Jarrett Allen
Jase Richardson,919,0,0,0,0,0,0,0,0,0,0,0.0,0.0,0.0,0.0,0.0,0.0,1201,0.7652,0.0,2026,Jase Richardson
Javon Small,1615,0,0,0,0,0,0,0,0,0,0,0.0,0.0,0.0,0.0,0.0,0.0,1754,0.9208,0.0,2026,Javon Small
Javonte Cooke,175,0,0,0,0,0,0,0,0,0,0,0.0,0.0,0.0,0.0,0.0,0.0,195,0.8974,0.0,2026,Javonte Cooke
Javonte Green,1978,0,0,0,0,0,0,0,0,0,0,0.0,0.0,0.0,0.0,0.0,0.0,2983,0.6631,0.0,2026,Javonte Green
Jaxson Hayes,1345,10,0,0,0,0,0,7,1,0,0,0.0,0.0,0.7,0.1,0.0,0.0,2467,0.5452,0.0041,2026,Jaxson Hayes
Jay Huff,2386,47,14,22,5,6,34,10,0,5,3,0.6364,0.7234,0.2128,0.0,0.1064,0.0638,3595,0.6637,0.0131,2026,Jay Huff
Jaylen Brown,4859,85,19,36,10,10,48,31,10,4,5,0.5278,0.5647,0.3647,0.1176,0.0471,0.0588,4905,0.9906,0.0173,2026,Jaylen Brown
Jaylen Clark,813,0,0,0,0,0,0,0,0,0,0,0.0,0.0,0.0,0.0,0.0,0.0,1821,0.4465,0.0,2026,Jaylen Clark
Jaylen Wells,2167,1,0,0,0,0,0,1,0,0,0,0.0,0.0,1.0,0.0,0.0,0.0,3775,0.574,0.0003,2026,Jaylen Wells
Jaylin Williams,2681,5,0,0,1,2,1,3,1,0,1,0.0,0.2,0.6,0.2,0.0,0.2,2659,1.0083,0.0019,2026,Jaylin Williams
Jaylon Tyson,2652,1,0,1,0,0,0,0,0,0,0,0.0,0.0,0.0,0.0,0.0,0.0,3638,0.729,0.0003,2026,Jaylon Tyson
Jayson Kent,19,0,0,0,0,0,0,0,0,0,0,0.0,0.0,0.0,0.0,0.0,0.0,42,0.4524,0.0,2026,Jayson Kent
Jayson Tatum,1220,8,2,5,0,0,4,2,2,1,0,0.4,0.5,0.25,0.25,0.125,0.0,1047,1.1652,0.0076,2026,Jayson Tatum
JD Davison,428,0,0,0,0,0,0,0,0,0,0,0.0,0.0,0.0,0.0,0.0,0.0,427,1.0023,0.0,2026,JD Davison
Jeenathan Williams,261,0,0,0,0,0,0,0,0,0,0,0.0,0.0,0.0,0.0,0.0,0.0,477,0.5472,0.0,2026,Jeenathan Williams
Jeff Green,194,11,3,6,0,0,6,5,2,0,0,0.5,0.5455,0.4545,0.1818,0.0,0.0,345,0.5623,0.0319,2026,Jeff Green
Jerami Grant,2637,33,8,9,0,0,17,19,5,5,0,0.8889,0.5152,0.5758,0.1515,0.1515,0.0,3599,0.7327,0.0092,2026,Jerami Grant
Jeremiah Fears,4615,4,0,2,0,0,0,2,0,0,0,0.0,0.0,0.5,0.0,0.0,0.0,4439,1.0396,0.0009,2026,Jeremiah Fears
Jeremiah Robinson-Earl,477,0,0,0,0,0,0,0,0,0,0,0.0,0.0,0.0,0.0,0.0,0.0,756,0.631,0.0,2026,Jeremiah Robinson-Earl
Jeremy Sochan,685,6,2,3,0,0,5,3,0,0,0,0.6667,0.8333,0.5,0.0,0.0,0.0,950,0.7211,0.0063,2026,Jeremy Sochan
Jericho Sims,1960,3,0,0,0,0,0,2,1,1,0,0.0,0.0,0.6667,0.3333,0.3333,0.0,2564,0.7644,0.0012,2026,Jericho Sims
Jett Howard,755,2,0,0,2,2,2,1,0,0,1,0.0,1.0,0.5,0.0,0.0,0.5,1420,0.5317,0.0014,2026,Jett Howard
Jevon Carter,1661,0,0,0,0,0,0,0,0,0,0,0.0,0.0,0.0,0.0,0.0,0.0,1787,0.9295,0.0,2026,Jevon Carter
Jimmy Butler,2441,67,11,19,6,6,29,42,11,2,3,0.5789,0.4328,0.6269,0.1642,0.0299,0.0448,2439,1.0008,0.0275,2026,Jimmy Butler
Jimmy Butler III,2441,67,11,19,6,6,29,42,11,2,3,0.5789,0.4328,0.6269,0.1642,0.0299,0.0448,2439,1.0008,0.0275,2026,Jimmy Butler III
Joan Beringer,386,8,2,3,0,0,4,3,0,1,0,0.6667,0.5,0.375,0.0,0.125,0.0,667,0.5787,0.012,2026,Joan Beringer
Jock Landale,2182,122,32,62,12,18,76,31,8,8,9,0.5161,0.623,0.2541,0.0656,0.0656,0.0738,3116,0.7003,0.0392,2026,Jock Landale
Joe Ingles,284,0,0,0,0,0,0,0,0,0,0,0.0,0.0,0.0,0.0,0.0,0.0,343,0.828,0.0,2026,Joe Ingles
Joel Embiid,2638,198,49,90,33,40,134,69,12,12,20,0.5444,0.6768,0.3485,0.0606,0.0606,0.101,2481,1.0633,0.0798,2026,Joel Embiid
John Collins,2490,80,35,49,3,6,75,21,7,5,3,0.7143,0.9375,0.2625,0.0875,0.0625,0.0375,3701,0.6728,0.0216,2026,John Collins
John Konchar,1653,0,0,0,0,0,0,0,0,0,0,0.0,0.0,0.0,0.0,0.0,0.0,2388,0.6922,0.0,2026,John Konchar
John Poulakidas,270,0,0,0,0,0,0,0,0,0,0,0.0,0.0,0.0,0.0,0.0,0.0,520,0.5192,0.0,2026,John Poulakidas
John Tonje,50,0,0,0,0,0,0,0,0,0,0,0.0,0.0,0.0,0.0,0.0,0.0,87,0.5747,0.0,2026,John Tonje
Johni Broome,99,4,0,0,2,2,2,3,1,0,1,0.0,0.5,0.75,0.25,0.0,0.25,113,0.8761,0.0354,2026,Johni Broome
Johnny Furphy,958,2,0,0,0,2,0,1,1,0,1,0.0,0.0,0.5,0.5,0.0,0.5,1326,0.7225,0.0015,2026,Johnny Furphy
Johnny Juzang,121,0,0,0,0,0,0,0,0,0,0,0.0,0.0,0.0,0.0,0.0,0.0,193,0.6269,0.0,2026,Johnny Juzang
Jonas Valanciunas,1764,144,44,74,30,38,119,17,2,17,19,0.5946,0.8264,0.1181,0.0139,0.1181,0.1319,1721,1.025,0.0837,2026,Jonas Valanciunas
Jonas ValanÄiÅ«nas,1764,144,44,74,30,38,119,17,2,17,19,0.5946,0.8264,0.1181,0.0139,0.1181,0.1319,1721,1.025,0.0837,2026,Jonas Valaninas
Jonathan Isaac,613,0,0,0,0,0,0,0,0,0,0,0.0,0.0,0.0,0.0,0.0,0.0,1061,0.5778,0.0,2026,Jonathan Isaac
Jonathan Kuminga,1498,29,6,10,8,12,20,10,1,1,6,0.6,0.6897,0.3448,0.0345,0.0345,0.2069,1729,0.8664,0.0168,2026,Jonathan Kuminga
Jonathan Mogbo,348,1,0,0,0,0,0,1,0,0,0,0.0,0.0,1.0,0.0,0.0,0.0,512,0.6797,0.002,2026,Jonathan Mogbo
Jordan Clarkson,1630,1,0,0,0,0,0,1,0,0,0,0.0,0.0,1.0,0.0,0.0,0.0,2576,0.6328,0.0004,2026,Jordan Clarkson
Jordan Goodwin,2736,0,0,0,0,0,0,0,0,0,0,0.0,0.0,0.0,0.0,0.0,0.0,3165,0.8645,0.0,2026,Jordan Goodwin
Jordan Hawkins,883,0,0,0,0,0,0,0,0,0,0,0.0,0.0,0.0,0.0,0.0,0.0,1459,0.6052,0.0,2026,Jordan Hawkins
Jordan McLaughlin,606,0,0,0,0,0,0,0,0,0,0,0.0,0.0,0.0,0.0,0.0,0.0,579,1.0466,0.0,2026,Jordan McLaughlin
Jordan Miller,2006,7,1,2,4,4,6,2,0,0,2,0.5,0.8571,0.2857,0.0,0.0,0.2857,2603,0.7706,0.0027,2026,Jordan Miller
Jordan Poole,1745,1,0,1,0,0,0,0,0,0,0,0.0,0.0,0.0,0.0,0.0,0.0,1982,0.8804,0.0005,2026,Jordan Poole
Jordan Walsh,1237,0,0,0,0,0,0,0,0,0,0,0.0,0.0,0.0,0.0,0.0,0.0,2336,0.5295,0.0,2026,Jordan Walsh
Jose Alvarado,2906,0,0,0,0,0,0,0,0,0,0,0.0,0.0,0.0,0.0,0.0,0.0,2770,1.0491,0.0,2026,Jose Alvarado
Josh Giddey,5079,5,0,0,0,0,0,3,1,1,0,0.0,0.0,0.6,0.2,0.2,0.0,3693,1.3753,0.0014,2026,Josh Giddey
Josh Green,795,0,0,0,0,0,0,0,0,0,0,0.0,0.0,0.0,0.0,0.0,0.0,1794,0.4431,0.0,2026,Josh Green
Josh Hart,3885,1,0,1,0,0,0,0,0,0,0,0.0,0.0,0.0,0.0,0.0,0.0,4033,0.9633,0.0002,2026,Josh Hart
Josh Minott,935,0,0,0,0,0,0,0,0,0,0,0.0,0.0,0.0,0.0,0.0,0.0,1664,0.5619,0.0,2026,Josh Minott
Josh Oduro,81,2,0,0,0,0,0,2,0,0,0,0.0,0.0,1.0,0.0,0.0,0.0,185,0.4378,0.0108,2026,Josh Oduro
Josh Okogie,1396,1,0,0,0,0,0,1,1,0,0,0.0,0.0,1.0,1.0,0.0,0.0,2641,0.5286,0.0004,2026,Josh Okogie
Jrue Holiday,3599,19,2,9,1,2,5,9,0,0,1,0.2222,0.2632,0.4737,0.0,0.0,0.0526,3291,1.0936,0.0058,2026,Jrue Holiday
Julian Champagnie,3080,0,0,0,0,0,0,0,0,0,0,0.0,0.0,0.0,0.0,0.0,0.0,4734,0.6506,0.0,2026,Julian Champagnie
Julian Phillips,384,0,0,0,0,0,0,0,0,0,0,0.0,0.0,0.0,0.0,0.0,0.0,911,0.4215,0.0,2026,Julian Phillips
Julian Reese,603,9,3,8,2,2,8,0,0,0,1,0.375,0.8889,0.0,0.0,0.0,0.1111,841,0.717,0.0107,2026,Julian Reese
Julian Strawther,1240,0,0,0,0,0,0,0,0,0,0,0.0,0.0,0.0,0.0,0.0,0.0,1774,0.699,0.0,2026,Julian Strawther
Julius Randle,4731,194,31,67,16,22,81,94,26,13,11,0.4627,0.4175,0.4845,0.134,0.067,0.0567,5381,0.8792,0.0361,2026,Julius Randle
Justin Champagnie,2077,1,0,0,0,0,0,0,0,1,0,0.0,0.0,0.0,0.0,1.0,0.0,2908,0.7142,0.0003,2026,Justin Champagnie
Justin Edwards,1418,0,0,0,0,0,0,0,0,0,0,0.0,0.0,0.0,0.0,0.0,0.0,2057,0.6894,0.0,2026,Justin Edwards
Jusuf Nurkic,2372,47,13,29,6,7,34,12,4,1,4,0.4483,0.7234,0.2553,0.0851,0.0213,0.0851,2328,1.0189,0.0202,2026,Jusuf Nurkic
Jusuf NurkiÄ‡,2372,47,13,29,6,7,34,12,4,1,4,0.4483,0.7234,0.2553,0.0851,0.0213,0.0851,2328,1.0189,0.0202,2026,Jusuf Nurki
Kadary Richmond,85,0,0,0,0,0,0,0,0,0,0,0.0,0.0,0.0,0.0,0.0,0.0,145,0.5862,0.0,2026,Kadary Richmond
Kam Jones,1243,1,1,1,0,0,2,0,0,0,0,1.0,2.0,0.0,0.0,0.0,0.0,1303,0.954,0.0008,2026,Kam Jones
Karl-Anthony Towns,3924,199,47,91,23,27,123,53,14,22,14,0.5165,0.6181,0.2663,0.0704,0.1106,0.0704,4711,0.8329,0.0422,2026,Karl-Anthony Towns
Karlo MatkoviÄ‡,1031,5,1,4,0,0,2,1,0,0,0,0.25,0.4,0.2,0.0,0.0,0.0,1880,0.5484,0.0027,2026,Karlo Matkovi
Kasparas JakuÄionis,1736,0,0,0,0,0,0,0,0,0,0,0.0,0.0,0.0,0.0,0.0,0.0,2054,0.8452,0.0,2026,Kasparas Jakuionis
Kawhi Leonard,3657,97,30,52,13,14,77,29,2,6,7,0.5769,0.7938,0.299,0.0206,0.0619,0.0722,4090,0.8941,0.0237,2026,Kawhi Leonard
Keaton Wallace,1247,0,0,0,0,0,0,0,0,0,0,0.0,0.0,0.0,0.0,0.0,0.0,1093,1.1409,0.0,2026,Keaton Wallace
Keegan Murray,1055,6,2,5,0,0,4,0,0,0,0,0.4,0.6667,0.0,0.0,0.0,0.0,1628,0.648,0.0037,2026,Keegan Murray
Kel'el Ware,2303,34,7,22,4,6,18,8,3,1,3,0.3182,0.5294,0.2353,0.0882,0.0294,0.0882,3546,0.6495,0.0096,2026,Kel'el Ware
Keldon Johnson,2987,13,10,11,0,0,20,1,0,1,0,0.9091,1.5385,0.0769,0.0,0.0769,0.0,3980,0.7505,0.0033,2026,Keldon Johnson
Kelly Olynyk,668,10,2,2,3,4,7,5,1,1,2,1.0,0.7,0.5,0.1,0.1,0.2,737,0.9064,0.0136,2026,Kelly Olynyk
Kelly Oubre Jr.,2288,5,2,4,0,0,4,1,0,0,0,0.5,0.8,0.2,0.0,0.0,0.0,3237,0.7068,0.0015,2026,Kelly Oubre Jr.
Kennedy Chandler,793,0,0,0,0,0,0,0,0,0,0,0.0,0.0,0.0,0.0,0.0,0.0,791,1.0025,0.0,2026,Kennedy Chandler
Kenrich Williams,1224,3,1,3,0,0,2,0,0,0,0,0.3333,0.6667,0.0,0.0,0.0,0.0,1727,0.7087,0.0017,2026,Kenrich Williams
Kentavious Caldwell-Pope,2061,2,0,0,0,0,0,1,1,0,0,0.0,0.0,0.5,0.5,0.0,0.0,2250,0.916,0.0009,2026,Kentavious Caldwell-Pope
Keon Ellis,1741,0,0,0,0,0,0,0,0,0,0,0.0,0.0,0.0,0.0,0.0,0.0,3022,0.5761,0.0,2026,Keon Ellis
Keshad Johnson,481,1,0,0,0,0,0,1,0,0,0,0.0,0.0,1.0,0.0,0.0,0.0,618,0.7783,0.0016,2026,Keshad Johnson
Keshon Gilbert,110,0,0,0,0,0,0,0,0,0,0,0.0,0.0,0.0,0.0,0.0,0.0,151,0.7285,0.0,2026,Keshon Gilbert
Kevin Durant,5017,109,39,67,9,10,91,27,4,8,6,0.5821,0.8349,0.2477,0.0367,0.0734,0.055,5727,0.876,0.019,2026,Kevin Durant
Kevin Huerter,2590,0,0,0,0,0,0,0,0,0,0,0.0,0.0,0.0,0.0,0.0,0.0,3256,0.7955,0.0,2026,Kevin Huerter
Kevin Love,1085,3,0,0,1,2,1,2,1,0,1,0.0,0.3333,0.6667,0.3333,0.0,0.3333,1256,0.8639,0.0024,2026,Kevin Love
Kevin McCullar Jr.,257,0,0,0,0,0,0,0,0,0,0,0.0,0.0,0.0,0.0,0.0,0.0,306,0.8399,0.0,2026,Kevin McCullar Jr.
Kevin Porter Jr.,3025,2,1,1,2,2,4,0,0,0,1,1.0,2.0,0.0,0.0,0.0,0.5,2559,1.1821,0.0008,2026,Kevin Porter Jr.
Kevon Looney,492,0,0,0,0,0,0,0,0,0,0,0.0,0.0,0.0,0.0,0.0,0.0,645,0.7628,0.0,2026,Kevon Looney
Keyonte George,4175,0,0,0,0,0,0,0,0,0,0,0.0,0.0,0.0,0.0,0.0,0.0,3711,1.125,0.0,2026,Keyonte George
Khaman Maluach,530,3,0,2,0,0,0,0,0,1,0,0.0,0.0,0.0,0.0,0.3333,0.0,816,0.6495,0.0037,2026,Khaman Maluach
Khris Middleton,1947,96,26,52,6,6,58,32,4,6,3,0.5,0.6042,0.3333,0.0417,0.0625,0.0312,2991,0.651,0.0321,2026,Khris Middleton
Killian Hayes,866,0,0,0,0,0,0,0,0,0,0,0.0,0.0,0.0,0.0,0.0,0.0,839,1.0322,0.0,2026,Killian Hayes
KJ Simpson,564,0,0,0,0,0,0,0,0,0,0,0.0,0.0,0.0,0.0,0.0,0.0,527,1.0702,0.0,2026,KJ Simpson
Klay Thompson,1632,2,0,1,0,0,0,1,1,0,0,0.0,0.0,0.5,0.5,0.0,0.0,3050,0.5351,0.0007,2026,Klay Thompson
Kobe Brown,1405,16,3,10,0,0,6,5,0,0,0,0.3,0.375,0.3125,0.0,0.0,0.0,1954,0.719,0.0082,2026,Kobe Brown
Kobe Bufkin,208,0,0,0,0,0,0,0,0,0,0,0.0,0.0,0.0,0.0,0.0,0.0,245,0.849,0.0,2026,Kobe Bufkin
Kobe Sanders,1843,1,0,0,0,0,0,1,0,0,0,0.0,0.0,1.0,0.0,0.0,0.0,2740,0.6726,0.0004,2026,Kobe Sanders
Koby Brea,151,0,0,0,0,0,0,0,0,0,0,0.0,0.0,0.0,0.0,0.0,0.0,162,0.9321,0.0,2026,Koby Brea
Kon Knueppel,4146,6,2,2,2,2,6,2,1,0,2,1.0,1.0,0.3333,0.1667,0.0,0.3333,5206,0.7964,0.0012,2026,Kon Knueppel
Kris Dunn,4154,9,1,2,0,0,2,7,3,0,0,0.5,0.2222,0.7778,0.3333,0.0,0.0,4394,0.9454,0.002,2026,Kris Dunn
Kris Murray,1154,1,0,0,0,0,0,1,1,0,0,0.0,0.0,1.0,1.0,0.0,0.0,2771,0.4165,0.0004,2026,Kris Murray
Kristaps Porzingis,1242,113,33,61,16,18,85,28,4,6,10,0.541,0.7522,0.2478,0.0354,0.0531,0.0885,1541,0.806,0.0733,2026,Kristaps Porzingis
Kristaps PorziÅ†Ä£is,1242,113,33,61,16,18,85,28,4,6,10,0.541,0.7522,0.2478,0.0354,0.0531,0.0885,1541,0.806,0.0733,2026,Kristaps Porziis
Kyle Anderson,1430,4,3,3,0,0,6,1,0,0,0,1.0,1.5,0.25,0.0,0.0,0.0,1751,0.8167,0.0023,2026,Kyle Anderson
Kyle Filipowski,3175,47,12,21,3,4,28,11,0,10,2,0.5714,0.5957,0.234,0.0,0.2128,0.0426,3781,0.8397,0.0124,2026,Kyle Filipowski
Kyle Kuzma,2972,25,6,10,1,2,13,11,5,1,1,0.6,0.52,0.44,0.2,0.04,0.04,3626,0.8196,0.0069,2026,Kyle Kuzma
Kyle Lowry,175,0,0,0,0,0,0,0,0,0,0,0.0,0.0,0.0,0.0,0.0,0.0,252,0.6944,0.0,2026,Kyle Lowry
Kyshawn George,2798,32,5,13,5,6,15,9,3,2,3,0.3846,0.4688,0.2812,0.0938,0.0625,0.0938,2937,0.9527,0.0109,2026,Kyshawn George
Lachlan Olbrich,547,5,1,2,0,0,2,2,0,1,0,0.5,0.4,0.4,0.0,0.2,0.0,733,0.7462,0.0068,2026,Lachlan Olbrich
LaMelo Ball,5264,1,1,1,0,0,2,0,0,0,0,1.0,2.0,0.0,0.0,0.0,0.0,4127,1.2755,0.0002,2026,LaMelo Ball
Landry Shamet,1442,1,0,1,0,0,0,0,0,0,0,0.0,0.0,0.0,0.0,0.0,0.0,2365,0.6097,0.0004,2026,Landry Shamet
Larry Nance Jr.,581,4,0,2,0,0,0,2,0,0,0,0.0,0.0,0.5,0.0,0.0,0.0,931,0.6241,0.0043,2026,Larry Nance Jr.
Lauri Markkanen,2170,39,10,19,9,10,31,8,1,6,5,0.5263,0.7949,0.2051,0.0256,0.1538,0.1282,2998,0.7238,0.013,2026,Lauri Markkanen
Lawson Lovering,43,2,0,1,0,0,0,1,1,0,0,0.0,0.0,0.5,0.5,0.0,0.0,110,0.3909,0.0182,2026,Lawson Lovering
Leaky Black,513,2,0,0,0,0,0,2,0,0,0,0.0,0.0,1.0,0.0,0.0,0.0,918,0.5588,0.0022,2026,Leaky Black
LeBron James,4204,177,32,68,9,12,74,80,22,14,6,0.4706,0.4181,0.452,0.1243,0.0791,0.0339,4055,1.0367,0.0436,2026,LeBron James
Leonard Miller,1183,3,1,1,0,0,2,1,1,1,0,1.0,0.6667,0.3333,0.3333,0.3333,0.0,1555,0.7608,0.0019,2026,Leonard Miller
Liam McNeeley,474,0,0,0,0,0,0,0,0,0,0,0.0,0.0,0.0,0.0,0.0,0.0,729,0.6502,0.0,2026,Liam McNeeley
Lindy Waters III,402,0,0,0,0,0,0,0,0,0,0,0.0,0.0,0.0,0.0,0.0,0.0,580,0.6931,0.0,2026,Lindy Waters III
LJ Cryer,509,0,0,0,0,0,0,0,0,0,0,0.0,0.0,0.0,0.0,0.0,0.0,545,0.9339,0.0,2026,LJ Cryer
Lonzo Ball,1621,1,0,0,0,0,0,1,0,0,0,0.0,0.0,1.0,0.0,0.0,0.0,1566,1.0351,0.0006,2026,Lonzo Ball
Lucas Williamson,378,0,0,0,0,0,0,0,0,0,0,0.0,0.0,0.0,0.0,0.0,0.0,491,0.7699,0.0,2026,Lucas Williamson
Luguentz Dort,1948,0,0,0,0,0,0,0,0,0,0,0.0,0.0,0.0,0.0,0.0,0.0,3781,0.5152,0.0,2026,Luguentz Dort
Luka DonÄiÄ‡,5621,139,41,74,26,36,113,44,12,2,18,0.5541,0.8129,0.3165,0.0863,0.0144,0.1295,4747,1.1841,0.0293,2026,Luka Doni
Luka Garza,1633,14,2,5,5,6,9,0,0,3,4,0.4,0.6429,0.0,0.0,0.2143,0.2857,2215,0.7372,0.0063,2026,Luka Garza
Luke Kennard,2244,0,0,0,0,0,0,0,0,0,0,0.0,0.0,0.0,0.0,0.0,0.0,3474,0.6459,0.0,2026,Luke Kennard
Luke Kornet,1817,7,2,4,2,2,6,1,0,0,1,0.5,0.8571,0.1429,0.0,0.0,0.1429,2958,0.6143,0.0024,2026,Luke Kornet
Luke Travers,158,0,0,0,0,0,0,0,0,0,0,0.0,0.0,0.0,0.0,0.0,0.0,216,0.7315,0.0,2026,Luke Travers
Mac McClung,230,0,0,0,0,0,0,0,0,0,0,0.0,0.0,0.0,0.0,0.0,0.0,295,0.7797,0.0,2026,Mac McClung
Malachi Smith,665,0,0,0,0,0,0,0,0,0,0,0.0,0.0,0.0,0.0,0.0,0.0,737,0.9023,0.0,2026,Malachi Smith
Malaki Branham,446,0,0,0,0,0,0,0,0,0,0,0.0,0.0,0.0,0.0,0.0,0.0,570,0.7825,0.0,2026,Malaki Branham
Malevy Leons,392,4,0,0,0,0,0,3,0,1,0,0.0,0.0,0.75,0.0,0.25,0.0,548,0.7153,0.0073,2026,Malevy Leons
Malik Monk,2365,0,0,0,0,0,0,0,0,0,0,0.0,0.0,0.0,0.0,0.0,0.0,2839,0.833,0.0,2026,Malik Monk
Marcus Sasser,864,0,0,0,0,0,0,0,0,0,0,0.0,0.0,0.0,0.0,0.0,0.0,946,0.9133,0.0,2026,Marcus Sasser
Marcus Smart,2749,25,3,8,2,2,9,15,3,0,1,0.375,0.36,0.6,0.12,0.0,0.04,3610,0.7615,0.0069,2026,Marcus Smart
MarJon Beauchamp,272,0,0,0,0,0,0,0,0,0,0,0.0,0.0,0.0,0.0,0.0,0.0,416,0.6538,0.0,2026,MarJon Beauchamp
Mark Sears,54,0,0,0,0,0,0,0,0,0,0,0.0,0.0,0.0,0.0,0.0,0.0,51,1.0588,0.0,2026,Mark Sears
Mark Williams,2071,25,7,17,1,2,16,3,0,2,1,0.4118,0.64,0.12,0.0,0.08,0.04,2916,0.7102,0.0086,2026,Mark Williams
Markelle Fultz,64,0,0,0,0,0,0,0,0,0,0,0.0,0.0,0.0,0.0,0.0,0.0,80,0.8,0.0,2026,Markelle Fultz
Marvin Bagley III,1769,19,5,13,0,0,10,5,1,0,0,0.3846,0.5263,0.2632,0.0526,0.0,0.0,2440,0.725,0.0078,2026,Marvin Bagley III
Mason Plumlee,243,1,1,1,0,0,2,0,0,0,0,1.0,2.0,0.0,0.0,0.0,0.0,351,0.6923,0.0028,2026,Mason Plumlee
Matas Buzelis,4035,3,0,2,0,0,0,1,0,0,0,0.0,0.0,0.3333,0.0,0.0,0.0,4765,0.8468,0.0006,2026,Matas Buzelis
Matisse Thybulle,642,0,0,0,0,0,0,0,0,0,0,0.0,0.0,0.0,0.0,0.0,0.0,1005,0.6388,0.0,2026,Matisse Thybulle
Max Christie,2930,3,0,1,0,0,0,2,0,0,0,0.0,0.0,0.6667,0.0,0.0,0.0,4527,0.6472,0.0007,2026,Max Christie
Max Shulga,68,0,0,0,0,0,0,0,0,0,0,0.0,0.0,0.0,0.0,0.0,0.0,75,0.9067,0.0,2026,Max Shulga
Max Strus,511,0,0,0,0,0,0,0,0,0,0,0.0,0.0,0.0,0.0,0.0,0.0,605,0.8446,0.0,2026,Max Strus
Maxi Kleber,507,3,0,1,0,0,0,1,0,1,0,0.0,0.0,0.3333,0.0,0.3333,0.0,947,0.5354,0.0032,2026,Maxi Kleber
Maxime Raynaud,3303,60,16,40,8,12,42,4,0,7,6,0.4,0.7,0.0667,0.0,0.1167,0.1,4067,0.8121,0.0148,2026,Maxime Raynaud
Micah Peavy,958,0,0,0,0,0,0,0,0,0,0,0.0,0.0,0.0,0.0,0.0,0.0,1896,0.5053,0.0,2026,Micah Peavy
Micah Potter,1450,39,11,18,7,8,31,11,4,2,4,0.6111,0.7949,0.2821,0.1026,0.0513,0.1026,1946,0.7451,0.02,2026,Micah Potter
Michael Porter Jr.,3063,18,5,7,2,2,12,8,0,2,1,0.7143,0.6667,0.4444,0.0,0.1111,0.0556,3393,0.9027,0.0053,2026,Michael Porter Jr.
Mikal Bridges,4510,18,4,14,2,2,10,3,0,0,1,0.2857,0.5556,0.1667,0.0,0.0,0.0556,5403,0.8347,0.0033,2026,Mikal Bridges
Mike Conley,2008,1,0,0,0,0,0,1,0,0,0,0.0,0.0,1.0,0.0,0.0,0.0,2045,0.9819,0.0005,2026,Mike Conley
Miles Bridges,3983,69,23,42,3,4,51,22,6,3,2,0.5476,0.7391,0.3188,0.087,0.0435,0.029,4815,0.8272,0.0143,2026,Miles Bridges
Miles Kelly,155,0,0,0,0,0,0,0,0,0,0,0.0,0.0,0.0,0.0,0.0,0.0,286,0.542,0.0,2026,Miles Kelly
Miles McBride,1904,1,0,1,0,0,0,0,0,0,0,0.0,0.0,0.0,0.0,0.0,0.0,2163,0.8803,0.0005,2026,Miles McBride
Mitchell Robinson,1186,1,0,0,0,0,0,0,0,1,0,0.0,0.0,0.0,0.0,1.0,0.0,2319,0.5114,0.0004,2026,Mitchell Robinson
Mo Bamba,63,0,0,0,0,0,0,0,0,0,0,0.0,0.0,0.0,0.0,0.0,0.0,86,0.7326,0.0,2026,Mo Bamba
Mohamed Diawara,1005,6,2,2,0,0,4,2,2,2,0,1.0,0.6667,0.3333,0.3333,0.3333,0.0,1244,0.8079,0.0048,2026,Mohamed Diawara
Monte Morris,152,0,0,0,0,0,0,0,0,0,0,0.0,0.0,0.0,0.0,0.0,0.0,138,1.1014,0.0,2026,Monte Morris
MontÃ© Morris,152,0,0,0,0,0,0,0,0,0,0,0.0,0.0,0.0,0.0,0.0,0.0,138,1.1014,0.0,2026,Mont Morris
Moritz Wagner,735,34,9,19,9,12,28,6,1,1,6,0.4737,0.8235,0.1765,0.0294,0.0294,0.1765,884,0.8314,0.0385,2026,Moritz Wagner
Moses Moody,1829,2,0,0,0,0,0,2,1,0,0,0.0,0.0,1.0,0.5,0.0,0.0,3137,0.583,0.0006,2026,Moses Moody
Mouhamadou Gueye,55,0,0,0,0,0,0,0,0,0,0,0.0,0.0,0.0,0.0,0.0,0.0,98,0.5612,0.0,2026,Mouhamadou Gueye
Mouhamed Gueye,1448,10,1,3,0,2,2,6,1,0,1,0.3333,0.2,0.6,0.1,0.0,0.1,2411,0.6006,0.0041,2026,Mouhamed Gueye
Moussa Cisse,582,4,1,2,0,0,2,1,0,0,0,0.5,0.5,0.25,0.0,0.0,0.0,1116,0.5215,0.0036,2026,Moussa Cisse
Moussa Diabate,2656,16,2,4,1,2,5,4,0,4,1,0.5,0.3125,0.25,0.0,0.25,0.0625,3757,0.7069,0.0043,2026,Moussa Diabate
Moussa DiabatÃ©,2656,16,2,4,1,2,5,4,0,4,1,0.5,0.3125,0.25,0.0,0.25,0.0625,3757,0.7069,0.0043,2026,Moussa Diabat
Myles Turner,2226,66,12,33,11,12,35,12,1,8,6,0.3636,0.5303,0.1818,0.0152,0.1212,0.0909,3873,0.5747,0.017,2026,Myles Turner
Myron Gardner,692,1,0,0,1,2,1,0,0,0,1,0.0,1.0,0.0,0.0,0.0,1.0,888,0.7793,0.0011,2026,Myron Gardner
N'Faly Dante,20,0,0,0,0,0,0,0,0,0,0,0.0,0.0,0.0,0.0,0.0,0.0,30,0.6667,0.0,2026,N'Faly Dante
Nae'Qwan Tomlin,1120,3,1,1,0,0,2,1,1,0,0,1.0,0.6667,0.3333,0.3333,0.0,0.0,2051,0.5461,0.0015,2026,Nae'Qwan Tomlin
Naji Marshall,3366,3,1,2,2,2,4,0,0,0,1,0.5,1.3333,0.0,0.0,0.0,0.3333,4409,0.7634,0.0007,2026,Naji Marshall
Nate Williams,261,0,0,0,0,0,0,0,0,0,0,0.0,0.0,0.0,0.0,0.0,0.0,477,0.5472,0.0,2026,Nate Williams
Naz Reid,3808,87,30,47,7,10,67,22,3,9,5,0.6383,0.7701,0.2529,0.0345,0.1034,0.0575,4178,0.9114,0.0208,2026,Naz Reid
Neemias Queta,2660,13,1,5,0,0,2,1,0,2,0,0.2,0.1538,0.0769,0.0,0.1538,0.0,3740,0.7112,0.0035,2026,Neemias Queta
Nic Claxton,3348,28,4,11,2,4,11,9,2,0,2,0.3636,0.3929,0.3214,0.0714,0.0,0.0714,3854,0.8687,0.0073,2026,Nic Claxton
Nick Richards,973,9,2,6,0,0,5,1,0,1,0,0.3333,0.5556,0.1111,0.0,0.1111,0.0,1455,0.6687,0.0062,2026,Nick Richards
Nick Smith Jr.,698,0,0,0,0,0,0,0,0,0,0,0.0,0.0,0.0,0.0,0.0,0.0,764,0.9136,0.0,2026,Nick Smith Jr.
Nickeil Alexander-Walker,4596,0,0,0,0,0,0,0,0,0,0,0.0,0.0,0.0,0.0,0.0,0.0,5558,0.8269,0.0,2026,Nickeil Alexander-Walker
Nicolas Batum,1692,0,0,0,0,0,0,0,0,0,0,0.0,0.0,0.0,0.0,0.0,0.0,2562,0.6604,0.0,2026,Nicolas Batum
Nigel Hayes,230,3,1,1,1,2,3,1,0,0,1,1.0,1.0,0.3333,0.0,0.0,0.3333,383,0.6005,0.0078,2026,Nigel Hayes
Nigel Hayes-Davis,230,3,1,1,1,2,3,1,0,0,1,1.0,1.0,0.3333,0.0,0.0,0.3333,383,0.6005,0.0078,2026,Nigel Hayes-Davis
Nikola JokiÄ‡,6513,469,124,201,53,62,305,188,56,26,31,0.6169,0.6503,0.4009,0.1194,0.0554,0.0661,4787,1.3606,0.098,2026,Nikola Joki
Nikola JoviÄ‡,1525,21,3,8,1,2,7,9,0,0,1,0.375,0.3333,0.4286,0.0,0.0,0.0476,1747,0.8729,0.012,2026,Nikola Jovi
Nikola TopiÄ‡,367,0,0,0,0,0,0,0,0,0,0,0.0,0.0,0.0,0.0,0.0,0.0,322,1.1398,0.0,2026,Nikola Topi
Nikola Vucevic,3789,247,38,89,11,16,89,122,32,11,9,0.427,0.3603,0.4939,0.1296,0.0445,0.0364,3789,1.0,0.0652,2026,Nikola Vucevic
Nikola VuÄeviÄ‡,3789,247,38,89,11,16,89,122,32,11,9,0.427,0.3603,0.4939,0.1296,0.0445,0.0364,3789,1.0,0.0652,2026,Nikola Vuevi
Nique Clifford,2952,0,0,0,0,0,0,0,0,0,0,0.0,0.0,0.0,0.0,0.0,0.0,3857,0.7654,0.0,2026,Nique Clifford
Noa Essengue,9,0,0,0,0,0,0,0,0,0,0,0.0,0.0,0.0,0.0,0.0,0.0,14,0.6429,0.0,2026,Noa Essengue
Noah Clowney,2507,5,1,1,0,0,2,3,3,1,0,1.0,0.4,0.6,0.6,0.2,0.0,3578,0.7007,0.0014,2026,Noah Clowney
Noah Penda,1283,8,1,2,0,0,2,5,1,1,0,0.5,0.25,0.625,0.125,0.125,0.0,1538,0.8342,0.0052,2026,Noah Penda
Nolan Traore,3034,0,0,0,0,0,0,0,0,0,0,0.0,0.0,0.0,0.0,0.0,0.0,2484,1.2214,0.0,2026,Nolan Traore
Norchad Omier,51,2,2,2,0,0,4,0,0,0,0,1.0,2.0,0.0,0.0,0.0,0.0,45,1.1333,0.0444,2026,Norchad Omier
Norman Powell,2523,3,2,3,0,0,4,0,0,0,0,0.6667,1.3333,0.0,0.0,0.0,0.0,3577,0.7053,0.0008,2026,Norman Powell
Obi Toppin,920,32,8,11,6,6,22,14,4,3,3,0.7273,0.6875,0.4375,0.125,0.0938,0.0938,896,1.0268,0.0357,2026,Obi Toppin
Ochai Agbaji,1221,0,0,0,0,0,0,0,0,0,0,0.0,0.0,0.0,0.0,0.0,0.0,1970,0.6198,0.0,2026,Ochai Agbaji
OG Anunoby,2927,34,6,12,2,2,14,15,3,2,1,0.5,0.4118,0.4412,0.0882,0.0588,0.0294,4508,0.6493,0.0075,2026,OG Anunoby
Olivier Sarr,54,0,0,0,0,0,0,0,0,0,0,0.0,0.0,0.0,0.0,0.0,0.0,85,0.6353,0.0,2026,Olivier Sarr
Olivier-Maxence Prosper,1373,5,1,2,2,2,4,2,0,0,1,0.5,0.8,0.4,0.0,0.0,0.2,2083,0.6591,0.0024,2026,Olivier-Maxence Prosper
Omer Yurtseven,190,7,1,1,4,4,6,1,0,3,2,1.0,0.8571,0.1429,0.0,0.4286,0.2857,219,0.8676,0.032,2026,Omer Yurtseven
Onyeka Okongwu,3818,68,16,38,7,14,39,15,6,1,7,0.4211,0.5735,0.2206,0.0882,0.0147,0.1029,4900,0.7792,0.0139,2026,Onyeka Okongwu
Orlando Robinson,45,1,0,0,0,0,0,0,0,0,0,0.0,0.0,0.0,0.0,0.0,0.0,47,0.9574,0.0213,2026,Orlando Robinson
Oscar Tshiebwe,601,4,1,2,0,2,2,1,0,0,1,0.5,0.5,0.25,0.0,0.0,0.25,955,0.6293,0.0042,2026,Oscar Tshiebwe
Oso Ighodaro,2741,9,2,4,0,0,5,4,1,1,0,0.5,0.5556,0.4444,0.1111,0.1111,0.0,3609,0.7595,0.0025,2026,Oso Ighodaro
Ousmane Dieng,1922,0,0,0,0,0,0,0,0,0,0,0.0,0.0,0.0,0.0,0.0,0.0,2228,0.8627,0.0,2026,Ousmane Dieng
P.J. Washington,2658,41,8,20,4,6,21,15,4,1,3,0.4,0.5122,0.3659,0.0976,0.0244,0.0732,3512,0.7568,0.0117,2026,P.J. Washington
PacÃ´me Dadiet,203,0,0,0,0,0,0,0,0,0,0,0.0,0.0,0.0,0.0,0.0,0.0,271,0.7491,0.0,2026,Pacme Dadiet
Paolo Banchero,5498,158,28,54,25,30,84,71,22,11,16,0.5185,0.5316,0.4494,0.1392,0.0696,0.1013,5180,1.0614,0.0305,2026,Paolo Banchero
Pascal Siakam,4308,194,47,93,22,28,122,67,7,12,14,0.5054,0.6289,0.3454,0.0361,0.0619,0.0722,4314,0.9986,0.045,2026,Pascal Siakam
Pat Connaughton,470,0,0,0,0,0,0,0,0,0,0,0.0,0.0,0.0,0.0,0.0,0.0,576,0.816,0.0,2026,Pat Connaughton
Pat Spencer,2969,9,1,4,0,0,2,5,1,0,0,0.25,0.2222,0.5556,0.1111,0.0,0.0,2454,1.2099,0.0037,2026,Pat Spencer
Patrick Baldwin Jr.,111,0,0,0,0,0,0,0,0,0,0,0.0,0.0,0.0,0.0,0.0,0.0,208,0.5337,0.0,2026,Patrick Baldwin Jr.
Patrick Williams,2211,15,4,9,0,0,9,1,0,1,0,0.4444,0.6,0.0667,0.0,0.0667,0.0,3170,0.6975,0.0047,2026,Patrick Williams
Paul George,2301,34,11,20,2,2,25,10,1,1,1,0.55,0.7353,0.2941,0.0294,0.0294,0.0294,2325,0.9897,0.0146,2026,Paul George
Paul Reed,1428,7,2,4,0,0,4,2,0,0,0,0.5,0.5714,0.2857,0.0,0.0,0.0,1804,0.7916,0.0039,2026,Paul Reed
Payton Pritchard,5441,2,0,0,0,0,0,2,2,0,0,0.0,0.0,1.0,1.0,0.0,0.0,5025,1.0828,0.0004,2026,Payton Pritchard
Payton Sandfort,66,0,0,0,0,0,0,0,0,0,0,0.0,0.0,0.0,0.0,0.0,0.0,133,0.4962,0.0,2026,Payton Sandfort
Pelle Larsson,2612,4,1,3,2,2,4,0,0,0,1,0.3333,1.0,0.0,0.0,0.0,0.25,3879,0.6734,0.001,2026,Pelle Larsson
Pete Nance,1132,10,2,6,1,2,5,3,1,0,1,0.3333,0.5,0.3,0.1,0.0,0.1,1460,0.7753,0.0068,2026,Pete Nance
Peyton Watson,2777,1,0,0,0,0,0,1,1,0,0,0.0,0.0,1.0,1.0,0.0,0.0,3255,0.8531,0.0003,2026,Peyton Watson
PJ Hall,298,4,0,3,0,0,0,1,0,0,0,0.0,0.0,0.25,0.0,0.0,0.0,442,0.6742,0.009,2026,PJ Hall
Precious Achiuwa,2244,21,4,9,0,0,8,11,1,1,0,0.4444,0.381,0.5238,0.0476,0.0476,0.0,3559,0.6305,0.0059,2026,Precious Achiuwa
Quentin Grimes,3565,4,1,1,0,0,2,3,1,0,0,1.0,0.5,0.75,0.25,0.0,0.0,4570,0.7801,0.0009,2026,Quentin Grimes
Quenton Jackson,1990,1,0,0,0,0,0,1,0,0,0,0.0,0.0,1.0,0.0,0.0,0.0,1923,1.0348,0.0005,2026,Quenton Jackson
Quinten Post,2144,47,9,14,4,6,22,24,2,2,3,0.6429,0.4681,0.5106,0.0426,0.0426,0.0638,2391,0.8967,0.0197,2026,Quinten Post
Rasheer Fleming,595,2,0,0,0,0,0,1,1,1,0,0.0,0.0,0.5,0.5,0.5,0.0,1322,0.4501,0.0015,2026,Rasheer Fleming
Rayan Rupert,1484,0,0,0,0,0,0,0,0,0,0,0.0,0.0,0.0,0.0,0.0,0.0,2240,0.6625,0.0,2026,Rayan Rupert
RayJ Dennis,541,0,0,0,0,0,0,0,0,0,0,0.0,0.0,0.0,0.0,0.0,0.0,439,1.2323,0.0,2026,RayJ Dennis
Reed Sheppard,4462,0,0,0,0,0,0,0,0,0,0,0.0,0.0,0.0,0.0,0.0,0.0,4349,1.026,0.0,2026,Reed Sheppard
Riley Minix,88,0,0,0,0,0,0,0,0,0,0,0.0,0.0,0.0,0.0,0.0,0.0,124,0.7097,0.0,2026,Riley Minix
RJ Barrett,3097,34,7,18,5,6,20,11,1,1,3,0.3889,0.5882,0.3235,0.0294,0.0294,0.0882,3547,0.8731,0.0096,2026,RJ Barrett
Rob Dillingham,1958,0,0,0,0,0,0,0,0,0,0,0.0,0.0,0.0,0.0,0.0,0.0,2088,0.9377,0.0,2026,Rob Dillingham
Robert Williams III,1404,1,0,0,1,2,1,0,0,0,1,0.0,1.0,0.0,0.0,0.0,1.0,2104,0.6673,0.0005,2026,Robert Williams III
Rocco Zikarsky,55,2,0,1,0,0,0,0,0,0,0,0.0,0.0,0.0,0.0,0.0,0.0,73,0.7534,0.0274,2026,Rocco Zikarsky
Ron Harper Jr.,450,0,0,0,0,0,0,0,0,0,0,0.0,0.0,0.0,0.0,0.0,0.0,615,0.7317,0.0,2026,Ron Harper Jr.
Ronald Holland II,2438,0,0,0,0,0,0,0,0,0,0,0.0,0.0,0.0,0.0,0.0,0.0,3138,0.7769,0.0,2026,Ronald Holland II
Royce O'Neale,4131,0,0,0,0,0,0,0,0,0,0,0.0,0.0,0.0,0.0,0.0,0.0,4548,0.9083,0.0,2026,Royce O'Neale
Rudy Gobert,3335,25,4,5,2,8,10,11,4,0,4,0.8,0.4,0.44,0.16,0.0,0.16,4849,0.6878,0.0052,2026,Rudy Gobert
Rui Hachimura,2057,42,9,22,3,4,21,15,2,2,2,0.4091,0.5,0.3571,0.0476,0.0476,0.0476,3979,0.517,0.0106,2026,Rui Hachimura
Russell Westbrook,4416,39,8,13,7,8,24,17,5,0,4,0.6154,0.6154,0.4359,0.1282,0.0,0.1026,3882,1.1376,0.01,2026,Russell Westbrook
Ryan Dunn,1769,0,0,0,0,0,0,0,0,0,0,0.0,0.0,0.0,0.0,0.0,0.0,2677,0.6608,0.0,2026,Ryan Dunn
Ryan Kalkbrenner,1600,14,4,6,0,0,9,5,0,0,0,0.6667,0.6429,0.3571,0.0,0.0,0.0,3042,0.526,0.0046,2026,Ryan Kalkbrenner
Ryan Nembhard,2453,1,0,0,0,0,0,1,1,0,0,0.0,0.0,1.0,1.0,0.0,0.0,2280,1.0759,0.0004,2026,Ryan Nembhard
Ryan Rollins,5148,0,0,0,0,0,0,0,0,0,0,0.0,0.0,0.0,0.0,0.0,0.0,4742,1.0856,0.0,2026,Ryan Rollins
Saddiq Bey,3096,166,35,91,31,37,105,41,7,8,19,0.3846,0.6325,0.247,0.0422,0.0482,0.1145,4683,0.6611,0.0354,2026,Saddiq Bey
Sam Hauser,2767,0,0,0,0,0,0,0,0,0,0,0.0,0.0,0.0,0.0,0.0,0.0,3837,0.7211,0.0,2026,Sam Hauser
Sam Merrill,2076,1,0,0,0,0,0,1,0,0,0,0.0,0.0,1.0,0.0,0.0,0.0,2803,0.7406,0.0004,2026,Sam Merrill
Sandro Mamukelashvili,2778,22,5,11,6,6,16,7,5,1,3,0.4545,0.7273,0.3182,0.2273,0.0455,0.1364,3602,0.7712,0.0061,2026,Sandro Mamukelashvili
Santi Aldama,2326,21,5,10,6,8,18,6,2,1,4,0.5,0.8571,0.2857,0.0952,0.0476,0.1905,2537,0.9168,0.0083,2026,Santi Aldama
Scoot Henderson,1641,1,1,1,0,0,2,0,0,0,0,1.0,2.0,0.0,0.0,0.0,0.0,1581,1.038,0.0006,2026,Scoot Henderson
Scottie Barnes,5651,180,34,80,15,18,86,69,16,9,9,0.425,0.4778,0.3833,0.0889,0.05,0.05,5511,1.0254,0.0327,2026,Scottie Barnes
Scotty Pippen Jr.,497,0,0,0,0,0,0,0,0,0,0,0.0,0.0,0.0,0.0,0.0,0.0,451,1.102,0.0,2026,Scotty Pippen Jr.
Sean Pedulla,57,0,0,0,0,0,0,0,0,0,0,0.0,0.0,0.0,0.0,0.0,0.0,60,0.95,0.0,2026,Sean Pedulla
Seth Curry,188,0,0,0,0,0,0,0,0,0,0,0.0,0.0,0.0,0.0,0.0,0.0,272,0.6912,0.0,2026,Seth Curry
Shaedon Sharpe,2738,2,0,0,0,0,0,1,0,0,0,0.0,0.0,0.5,0.0,0.0,0.0,3123,0.8767,0.0006,2026,Shaedon Sharpe
Shai Gilgeous-Alexander,4531,82,23,45,9,12,56,29,4,2,6,0.5111,0.6829,0.3537,0.0488,0.0244,0.0732,4739,0.9561,0.0173,2026,Shai Gilgeous-Alexander
Sharife Cooper,1527,0,0,0,0,0,0,0,0,0,0,0.0,0.0,0.0,0.0,0.0,0.0,1472,1.0374,0.0,2026,Sharife Cooper
Sidy Cissoko,1769,0,0,0,0,0,0,0,0,0,0,0.0,0.0,0.0,0.0,0.0,0.0,2968,0.596,0.0,2026,Sidy Cissoko
Simone Fontecchio,1755,0,0,0,0,0,0,0,0,0,0,0.0,0.0,0.0,0.0,0.0,0.0,2496,0.7031,0.0,2026,Simone Fontecchio
Sion James,2794,1,0,0,0,0,0,1,0,0,0,0.0,0.0,1.0,0.0,0.0,0.0,3662,0.763,0.0003,2026,Sion James
Skal Labissiere,67,0,0,0,0,0,0,0,0,0,0,0.0,0.0,0.0,0.0,0.0,0.0,76,0.8816,0.0,2026,Skal Labissiere
Spencer Jones,1087,0,0,0,0,0,0,0,0,0,0,0.0,0.0,0.0,0.0,0.0,0.0,2854,0.3809,0.0,2026,Spencer Jones
Stanley Umude,8,0,0,0,0,0,0,0,0,0,0,0.0,0.0,0.0,0.0,0.0,0.0,14,0.5714,0.0,2026,Stanley Umude
Stephen Curry,2812,0,0,0,0,0,0,0,0,0,0,0.0,0.0,0.0,0.0,0.0,0.0,2819,0.9975,0.0,2026,Stephen Curry
Stephon Castle,4610,9,2,4,2,2,6,3,2,1,1,0.5,0.6667,0.3333,0.2222,0.1111,0.1111,4251,1.0845,0.0021,2026,Stephon Castle
Steven Adams,901,7,3,3,0,0,6,2,0,2,0,1.0,0.8571,0.2857,0.0,0.2857,0.0,1459,0.6175,0.0048,2026,Steven Adams
Svi Mykhailiuk,1441,0,0,0,0,0,0,0,0,0,0,0.0,0.0,0.0,0.0,0.0,0.0,2441,0.5903,0.0,2026,Svi Mykhailiuk
T.J. McConnell,2800,0,0,0,0,0,0,0,0,0,0,0.0,0.0,0.0,0.0,0.0,0.0,2021,1.3855,0.0,2026,T.J. McConnell
Taelon Peter,786,0,0,0,0,0,0,0,0,0,0,0.0,0.0,0.0,0.0,0.0,0.0,1049,0.7493,0.0,2026,Taelon Peter
Taj Gibson,98,3,0,2,0,0,0,1,0,0,0,0.0,0.0,0.3333,0.0,0.0,0.0,207,0.4734,0.0145,2026,Taj Gibson
Tari Eason,2337,4,1,2,0,0,2,1,0,1,0,0.5,0.5,0.25,0.0,0.25,0.0,3096,0.7548,0.0013,2026,Tari Eason
Taurean Prince,819,0,0,0,0,0,0,0,0,0,0,0.0,0.0,0.0,0.0,0.0,0.0,1239,0.661,0.0,2026,Taurean Prince
Taylor Hendricks,1260,7,1,3,2,2,4,3,1,0,1,0.3333,0.5714,0.4286,0.1429,0.0,0.1429,2323,0.5424,0.003,2026,Taylor Hendricks
Terance Mann,2586,4,0,1,0,0,0,3,2,0,0,0.0,0.0,0.75,0.5,0.0,0.0,3064,0.844,0.0013,2026,Terance Mann
Terrence Shannon Jr.,700,0,0,0,0,0,0,0,0,0,0,0.0,0.0,0.0,0.0,0.0,0.0,1114,0.6284,0.0,2026,Terrence Shannon Jr.
Thanasis Antetokounmpo,219,2,0,0,1,2,1,0,0,1,1,0.0,0.5,0.0,0.0,0.5,0.5,301,0.7276,0.0066,2026,Thanasis Antetokounmpo
Thomas Bryant,1193,16,5,11,2,4,12,2,0,0,2,0.4545,0.75,0.125,0.0,0.0,0.125,1519,0.7854,0.0105,2026,Thomas Bryant
Tidjane SalaÃ¼n,828,1,0,0,0,0,0,0,0,1,0,0.0,0.0,0.0,0.0,1.0,0.0,1150,0.72,0.0009,2026,Tidjane Salan
Tim Hardaway Jr.,2501,1,1,1,0,0,2,0,0,0,0,1.0,2.0,0.0,0.0,0.0,0.0,4394,0.5692,0.0002,2026,Tim Hardaway Jr.
Tobias Harris,2604,187,53,90,21,26,134,69,16,9,14,0.5889,0.7166,0.369,0.0856,0.0481,0.0749,3535,0.7366,0.0529,2026,Tobias Harris
Toby Okani,181,1,0,0,0,0,0,1,0,0,0,0.0,0.0,1.0,0.0,0.0,0.0,475,0.3811,0.0021,2026,Toby Okani
Tolu Smith,207,4,0,2,0,0,0,0,0,0,0,0.0,0.0,0.0,0.0,0.0,0.0,269,0.7695,0.0149,2026,Tolu Smith
Tony Bradley,498,7,2,5,4,4,8,0,0,0,2,0.4,1.1429,0.0,0.0,0.0,0.2857,927,0.5372,0.0076,2026,Tony Bradley
Tosan Evbuomwan,8,0,0,0,0,0,0,0,0,0,0,0.0,0.0,0.0,0.0,0.0,0.0,15,0.5333,0.0,2026,Tosan Evbuomwan
Toumani Camara,4537,3,0,1,0,0,0,1,0,1,0,0.0,0.0,0.3333,0.0,0.3333,0.0,5714,0.794,0.0005,2026,Toumani Camara
Trae Young,935,0,0,0,0,0,0,0,0,0,0,0.0,0.0,0.0,0.0,0.0,0.0,852,1.0974,0.0,2026,Trae Young
Trayce Jackson-Davis,835,17,2,3,2,2,6,10,2,1,1,0.6667,0.3529,0.5882,0.1176,0.0588,0.0588,1018,0.8202,0.0167,2026,Trayce Jackson-Davis
Tre Johnson,1996,4,0,1,0,0,0,1,0,1,0,0.0,0.0,0.25,0.0,0.25,0.0,3087,0.6466,0.0013,2026,Tre Johnson
Tre Jones,3949,0,0,0,0,0,0,0,0,0,0,0.0,0.0,0.0,0.0,0.0,0.0,3791,1.0417,0.0,2026,Tre Jones
Tre Mann,1404,0,0,0,0,0,0,0,0,0,0,0.0,0.0,0.0,0.0,0.0,0.0,1324,1.0604,0.0,2026,Tre Mann
Trendon Watford,2052,61,14,24,2,4,31,25,6,4,2,0.5833,0.5082,0.4098,0.0984,0.0656,0.0328,1805,1.1368,0.0338,2026,Trendon Watford
Trentyn Flowers,8,0,0,0,0,0,0,0,0,0,0,0.0,0.0,0.0,0.0,0.0,0.0,10,0.8,0.0,2026,Trentyn Flowers
Trevon Scott,249,0,0,0,0,0,0,0,0,0,0,0.0,0.0,0.0,0.0,0.0,0.0,373,0.6676,0.0,2026,Trevon Scott
Trevor Keels,28,0,0,0,0,0,0,0,0,0,0,0.0,0.0,0.0,0.0,0.0,0.0,38,0.7368,0.0,2026,Trevor Keels
Trey Alexander,155,0,0,0,0,0,0,0,0,0,0,0.0,0.0,0.0,0.0,0.0,0.0,234,0.6624,0.0,2026,Trey Alexander
Trey Jemison,81,0,0,0,0,0,0,0,0,0,0,0.0,0.0,0.0,0.0,0.0,0.0,169,0.4793,0.0,2026,Trey Jemison
Trey Jemison III,81,0,0,0,0,0,0,0,0,0,0,0.0,0.0,0.0,0.0,0.0,0.0,169,0.4793,0.0,2026,Trey Jemison III
Trey Murphy III,4040,0,0,0,0,0,0,0,0,0,0,0.0,0.0,0.0,0.0,0.0,0.0,4881,0.8277,0.0,2026,Trey Murphy III
Tristan da Silva,2413,3,2,3,0,0,4,0,0,0,0,0.6667,1.3333,0.0,0.0,0.0,0.0,3909,0.6173,0.0008,2026,Tristan da Silva
Tristan Enaruna,110,0,0,0,0,0,0,0,0,0,0,0.0,0.0,0.0,0.0,0.0,0.0,170,0.6471,0.0,2026,Tristan Enaruna
Tristan Vukcevic,1160,5,1,1,2,6,4,1,0,0,3,1.0,0.8,0.2,0.0,0.0,0.6,1432,0.8101,0.0035,2026,Tristan Vukcevic
Tristen Newton,21,0,0,0,0,0,0,0,0,0,0,0.0,0.0,0.0,0.0,0.0,0.0,24,0.875,0.0,2026,Tristen Newton
Ty Jerome,784,0,0,0,0,0,0,0,0,0,0,0.0,0.0,0.0,0.0,0.0,0.0,684,1.1462,0.0,2026,Ty Jerome
Tyler Burton,403,0,0,0,0,0,0,0,0,0,0,0.0,0.0,0.0,0.0,0.0,0.0,649,0.621,0.0,2026,Tyler Burton
Tyler Herro,1859,2,0,0,0,0,0,1,0,1,0,0.0,0.0,0.5,0.0,0.5,0.0,2041,0.9108,0.001,2026,Tyler Herro
Tyler Kolek,1806,0,0,0,0,0,0,0,0,0,0,0.0,0.0,0.0,0.0,0.0,0.0,1476,1.2236,0.0,2026,Tyler Kolek
Tyler Smith,201,0,0,0,0,0,0,0,0,0,0,0.0,0.0,0.0,0.0,0.0,0.0,345,0.5826,0.0,2026,Tyler Smith
Tyrese Martin,1509,0,0,0,0,0,0,0,0,0,0,0.0,0.0,0.0,0.0,0.0,0.0,1535,0.9831,0.0,2026,Tyrese Martin
Tyrese Maxey,6668,13,4,7,4,4,12,3,0,1,2,0.5714,0.9231,0.2308,0.0,0.0769,0.1538,5500,1.2124,0.0024,2026,Tyrese Maxey
Tyrese Proctor,1016,0,0,0,0,0,0,0,0,0,0,0.0,0.0,0.0,0.0,0.0,0.0,1108,0.917,0.0,2026,Tyrese Proctor
Tyson Etienne,580,0,0,0,0,0,0,0,0,0,0,0.0,0.0,0.0,0.0,0.0,0.0,788,0.736,0.0,2026,Tyson Etienne
TyTy Washington Jr.,157,0,0,0,0,0,0,0,0,0,0,0.0,0.0,0.0,0.0,0.0,0.0,170,0.9235,0.0,2026,TyTy Washington Jr.
Tyus Jones,2131,0,0,0,0,0,0,0,0,0,0,0.0,0.0,0.0,0.0,0.0,0.0,2021,1.0544,0.0,2026,Tyus Jones
Victor Wembanyama,3743,186,42,86,27,34,112,63,9,11,17,0.4884,0.6022,0.3387,0.0484,0.0591,0.0914,3888,0.9627,0.0478,2026,Victor Wembanyama
Vince Williams Jr.,1976,4,0,0,0,0,0,3,2,0,0,0.0,0.0,0.75,0.5,0.0,0.0,1689,1.1699,0.0024,2026,Vince Williams Jr.
Vit Krejci,1964,0,0,0,0,0,0,0,0,0,0,0.0,0.0,0.0,0.0,0.0,0.0,2921,0.6724,0.0,2026,Vit Krejci
VJ Edgecombe,5286,10,3,6,2,2,8,1,1,2,1,0.5,0.8,0.1,0.1,0.2,0.1,5398,0.9793,0.0019,2026,VJ Edgecombe
Vladislav Goldin,23,1,1,1,0,0,2,0,0,0,0,1.0,2.0,0.0,0.0,0.0,0.0,57,0.4035,0.0175,2026,Vladislav Goldin
VÃ­t KrejÄÃ­,1964,0,0,0,0,0,0,0,0,0,0,0.0,0.0,0.0,0.0,0.0,0.0,2921,0.6724,0.0,2026,Vt Krej
Walker Kessler,265,0,0,0,0,0,0,0,0,0,0,0.0,0.0,0.0,0.0,0.0,0.0,310,0.8548,0.0,2026,Walker Kessler
Walter Clayton Jr.,3112,0,0,0,0,0,0,0,0,0,0,0.0,0.0,0.0,0.0,0.0,0.0,2928,1.0628,0.0,2026,Walter Clayton Jr.
Wendell Carter Jr.,3035,28,6,15,3,4,15,8,0,2,2,0.4,0.5357,0.2857,0.0,0.0714,0.0714,4756,0.6381,0.0059,2026,Wendell Carter Jr.
Wendell Moore Jr.,66,0,0,0,0,0,0,0,0,0,0,0.0,0.0,0.0,0.0,0.0,0.0,119,0.5546,0.0,2026,Wendell Moore Jr.
Will Richard,1673,2,0,0,0,0,0,2,0,0,0,0.0,0.0,1.0,0.0,0.0,0.0,2830,0.5912,0.0007,2026,Will Richard
Will Riley,2599,1,0,0,0,0,0,1,1,0,0,0.0,0.0,1.0,1.0,0.0,0.0,3430,0.7577,0.0003,2026,Will Riley
Xavier Tillman,251,3,1,1,0,0,2,2,1,0,0,1.0,0.6667,0.6667,0.3333,0.0,0.0,360,0.6972,0.0083,2026,Xavier Tillman
Yang Hansen,394,24,4,10,7,8,16,5,1,3,4,0.4,0.6667,0.2083,0.0417,0.125,0.1667,627,0.6284,0.0383,2026,Yang Hansen
Yanic Konan NiederhÃ¤user,473,4,2,3,0,0,4,1,1,0,0,0.6667,1.0,0.25,0.25,0.0,0.0,844,0.5604,0.0047,2026,Yanic Konan Niederhuser
Yuki Kawamura,443,0,0,0,0,0,0,0,0,0,0,0.0,0.0,0.0,0.0,0.0,0.0,452,0.9801,0.0,2026,Yuki Kawamura
Yves Missi,1617,7,1,3,0,0,2,2,0,2,0,0.3333,0.2857,0.2857,0.0,0.2857,0.0,2665,0.6068,0.0026,2026,Yves Missi
Zaccharie Risacher,1763,2,0,1,0,0,0,1,0,0,0,0.0,0.0,0.5,0.0,0.0,0.0,3218,0.5479,0.0006,2026,Zaccharie Risacher
Zach Collins,300,5,2,3,2,2,6,1,0,0,1,0.6667,1.2,0.2,0.0,0.0,0.2,389,0.7712,0.0129,2026,Zach Collins
Zach Edey,401,47,19,30,0,0,38,10,4,4,0,0.6333,0.8085,0.2128,0.0851,0.0851,0.0,589,0.6808,0.0798,2026,Zach Edey
Zach LaVine,1999,7,1,3,0,0,2,2,0,1,0,0.3333,0.2857,0.2857,0.0,0.1429,0.0,2522,0.7926,0.0028,2026,Zach LaVine
Zeke Nnaji,732,3,0,0,0,0,0,2,1,1,0,0.0,0.0,0.6667,0.3333,0.3333,0.0,1247,0.587,0.0024,2026,Zeke Nnaji
Ziaire Williams,1493,1,0,0,0,0,0,0,0,0,0,0.0,0.0,0.0,0.0,0.0,0.0,2620,0.5698,0.0004,2026,Ziaire Williams
Zion Williamson,3041,94,14,33,14,18,42,37,10,12,9,0.4242,0.4468,0.3936,0.1064,0.1277,0.0957,3883,0.7832,0.0242,2026,Zion Williamson
Zyon Pullin,85,0,0,0,0,0,0,0,0,0,0,0.0,0.0,0.0,0.0,0.0,0.0,92,0.9239,0.0,2026,Zyon Pullin
