Player,oreb,oreb_contested,oreb_uncontested,oreb_chances,oreb_chances_deferred,dreb,dreb_contested,dreb_uncontested,dreb_chances,dreb_chances_deferred,season_year,player,oreb_contest_rate,dreb_contest_rate,total_rebs,rpv_proxy
A.J. Lawson,9,3,6,19,0,34,8,26,55,4,2026,A.J. Lawson,0.1579,0.1455,43,12.5
Aaron Gordon,51,33,18,102,6,158,47,111,235,14,2026,Aaron Gordon,0.3235,0.2,209,96.5
Aaron Holiday,13,3,10,30,0,45,11,34,73,4,2026,Aaron Holiday,0.1,0.1507,58,15.5
Aaron Nesmith,48,24,24,109,6,139,28,111,245,26,2026,Aaron Nesmith,0.2202,0.1143,187,64.0
Aaron Wiggins,41,23,18,109,9,158,41,117,299,33,2026,Aaron Wiggins,0.211,0.1371,199,75.5
Ace Bailey,104,53,51,194,3,198,64,133,318,35,2026,Ace Bailey,0.2732,0.2013,302,143.5
Adama Bal,6,3,3,25,0,19,2,17,39,5,2026,Adama Bal,0.12,0.0513,25,6.5
Adem Bona,128,86,41,350,12,179,59,120,402,55,2026,Adem Bona,0.2457,0.1468,307,188.0
Adou Thiero,9,4,5,27,0,19,6,13,24,0,2026,Adou Thiero,0.1481,0.25,28,12.0
AJ Green,29,9,20,69,2,179,34,145,323,26,2026,AJ Green,0.1304,0.1053,208,47.5
AJ Johnson,14,6,8,35,3,40,12,29,63,7,2026,AJ Johnson,0.1714,0.1905,54,21.0
Ajay Mitchell,40,15,25,97,3,150,32,118,261,23,2026,Ajay Mitchell,0.1546,0.1226,190,54.5
Al Horford,42,22,20,81,3,171,67,104,254,16,2026,Al Horford,0.2716,0.2638,213,100.0
Alex Antetokounmpo,2,2,0,3,0,4,0,4,5,0,2026,Alex Antetokounmpo,0.6667,0.0,6,3.0
Alex Caruso,28,10,18,80,3,127,31,95,201,15,2026,Alex Caruso,0.125,0.1542,155,46.0
Alex Morales,1,1,0,3,0,2,0,2,4,1,2026,Alex Morales,0.3333,0.0,3,1.5
Alex Sarr,105,64,40,244,6,250,97,152,488,62,2026,Alex Sarr,0.2623,0.1988,355,193.0
Alijah Martin,9,4,5,21,0,12,2,10,17,1,2026,Alijah Martin,0.1905,0.1176,21,8.0
Alondes Williams,5,2,3,5,0,20,7,13,32,3,2026,Alondes Williams,0.4,0.2188,25,10.0
Alperen Sengun,215,135,80,483,25,426,134,286,750,84,2026,Alperen Sengun,0.2795,0.1787,641,336.5
Amari Williams,9,6,3,27,3,31,11,20,51,7,2026,Amari Williams,0.2222,0.2157,40,20.0
Amen Thompson,235,126,101,493,21,379,107,268,591,41,2026,Amen Thompson,0.2556,0.181,614,296.0
Amir Coffey,19,10,9,42,2,38,9,28,60,4,2026,Amir Coffey,0.2381,0.15,57,24.0
Andersson Garcia,17,14,3,39,1,25,7,18,56,8,2026,Andersson Garcia,0.359,0.125,42,28.0
Andre Drummond,200,144,56,357,9,332,112,220,522,36,2026,Andre Drummond,0.4034,0.2146,532,328.0
Andre Jackson Jr.,25,15,10,54,3,47,6,41,76,8,2026,Andre Jackson Jr.,0.2778,0.0789,72,28.5
Andrew Nembhard,25,9,16,83,4,135,13,122,246,25,2026,Andrew Nembhard,0.1084,0.0528,160,26.5
Andrew Wiggins,111,71,40,249,6,210,68,141,415,63,2026,Andrew Wiggins,0.2851,0.1639,321,174.5
Anfernee Simons,31,8,23,65,1,104,23,81,186,16,2026,Anfernee Simons,0.1231,0.1237,135,35.0
Anthony Black,47,18,28,135,7,197,36,160,339,30,2026,Anthony Black,0.1333,0.1062,244,63.0
Anthony Davis,60,47,13,114,5,150,54,96,239,19,2026,Anthony Davis,0.4123,0.2259,210,124.5
Anthony Edwards,36,8,27,79,1,255,56,199,394,32,2026,Anthony Edwards,0.1013,0.1421,291,68.0
Anthony Gill,58,28,29,135,2,100,35,65,193,22,2026,Anthony Gill,0.2074,0.1813,158,77.0
Antonio Reeves,2,1,1,4,0,6,2,4,7,0,2026,Antonio Reeves,0.25,0.2857,8,3.5
Ariel Hukporti,56,34,22,150,6,103,36,67,186,25,2026,Ariel Hukporti,0.2267,0.1935,159,87.0
Asa Newell,44,29,15,94,3,52,18,34,88,9,2026,Asa Newell,0.3085,0.2045,96,61.5
Ausar Thompson,147,97,50,283,9,263,70,193,412,27,2026,Ausar Thompson,0.3428,0.1699,410,215.5
Austin Reaves,33,11,22,93,4,207,35,172,341,24,2026,Austin Reaves,0.1183,0.1026,240,51.5
Ayo Dosunmu,47,19,28,118,3,189,38,151,340,31,2026,Ayo Dosunmu,0.161,0.1118,236,66.5
Bam Adebayo,147,88,59,327,12,564,151,411,804,71,2026,Bam Adebayo,0.2691,0.1878,711,283.0
Baylor Scheierman,57,19,38,147,6,212,54,158,332,30,2026,Baylor Scheierman,0.1293,0.1627,269,82.5
Ben Saraf,20,9,11,67,2,72,17,55,125,12,2026,Ben Saraf,0.1343,0.136,92,30.5
Ben Sheppard,43,14,29,93,4,152,32,120,242,28,2026,Ben Sheppard,0.1505,0.1322,195,53.0
Bennedict Mathurin,55,28,27,151,6,238,42,196,354,29,2026,Bennedict Mathurin,0.1854,0.1186,293,84.0
Bez Mbeng,18,7,12,38,2,39,8,31,89,16,2026,Bez Mbeng,0.1842,0.0899,57,18.5
Bilal Coulibaly,48,24,24,147,6,195,46,146,309,30,2026,Bilal Coulibaly,0.1633,0.1489,243,82.0
Bismack Biyombo,5,3,2,30,3,21,5,16,45,5,2026,Bismack Biyombo,0.1,0.1111,26,9.5
Blake Hinson,11,3,8,17,1,22,3,18,38,6,2026,Blake Hinson,0.1765,0.0789,33,7.5
Blake Wesley,8,2,6,18,0,31,3,28,47,6,2026,Blake Wesley,0.1111,0.0638,39,6.0
Bobby Portis,87,49,37,198,3,337,84,253,540,38,2026,Bobby Portis,0.2475,0.1556,424,157.5
Bobi Klintman,5,3,2,12,0,14,4,10,19,3,2026,Bobi Klintman,0.25,0.2105,19,8.5
Bogdan Bogdanovic,6,1,5,22,3,53,11,42,101,16,2026,Bogdan Bogdanovic,0.0455,0.1089,59,12.5
Bogdan BogdanoviÄ‡,6,1,5,22,3,53,11,42,101,16,2026,Bogdan Bogdanovi,0.0455,0.1089,59,12.5
Bones Hyland,23,4,19,46,1,103,26,77,157,11,2026,Bones Hyland,0.087,0.1656,126,32.0
Bradley Beal,2,1,1,4,0,3,0,3,9,0,2026,Bradley Beal,0.25,0.0,5,1.5
Branden Carlson,29,17,12,87,6,95,22,73,158,16,2026,Branden Carlson,0.1954,0.1392,124,47.5
Brandin Podziemski,72,36,31,192,9,347,73,271,537,49,2026,Brandin Podziemski,0.1875,0.1359,419,127.0
Brandon Clarke,4,4,0,6,0,2,1,1,6,1,2026,Brandon Clarke,0.6667,0.1667,6,7.0
Brandon Ingram,62,31,30,162,6,363,111,252,551,30,2026,Brandon Ingram,0.1914,0.2015,425,157.5
Brandon Miller,70,22,48,145,6,249,61,188,423,49,2026,Brandon Miller,0.1517,0.1442,319,94.0
Brandon Williams,29,10,19,99,4,159,35,124,282,25,2026,Brandon Williams,0.101,0.1241,188,50.0
Brice Sensabaugh,55,23,32,143,6,171,37,134,299,23,2026,Brice Sensabaugh,0.1608,0.1237,226,71.5
Bronny James,5,3,2,10,1,18,3,15,40,4,2026,Bronny James,0.3,0.075,23,7.5
Brook Lopez,47,37,10,116,2,226,108,118,411,60,2026,Brook Lopez,0.319,0.2628,273,163.5
Brooks Barnhizer,19,12,6,48,1,59,6,53,87,5,2026,Brooks Barnhizer,0.25,0.069,78,24.0
Bruce Brown,85,30,55,211,11,233,34,198,370,34,2026,Bruce Brown,0.1422,0.0919,318,79.0
Bryce McGowens,12,7,5,46,1,76,16,60,142,12,2026,Bryce McGowens,0.1522,0.1127,88,26.5
Bub Carrington,33,12,21,73,4,243,43,198,389,38,2026,Bub Carrington,0.1644,0.1105,276,61.0
Buddy Hield,27,13,14,84,3,89,18,71,153,12,2026,Buddy Hield,0.1548,0.1176,116,37.5
Cade Cunningham,55,27,28,139,1,292,67,225,444,30,2026,Cade Cunningham,0.1942,0.1509,347,107.5
Caleb Houstan,5,4,1,10,0,6,1,5,8,0,2026,Caleb Houstan,0.4,0.125,11,7.0
Caleb Love,25,6,19,59,1,89,16,72,128,5,2026,Caleb Love,0.1017,0.125,114,25.0
Caleb Martin,26,6,20,57,3,111,22,90,190,24,2026,Caleb Martin,0.1053,0.1158,137,31.0
Cam Christie,19,6,13,38,1,59,10,49,101,9,2026,Cam Christie,0.1579,0.099,78,19.0
Cam Spencer,40,11,29,90,4,143,19,124,231,18,2026,Cam Spencer,0.1222,0.0823,183,35.5
Cam Thomas,11,1,10,40,1,60,11,49,134,17,2026,Cam Thomas,0.025,0.0821,71,12.5
Cam Whitmore,19,8,11,49,0,39,8,31,56,3,2026,Cam Whitmore,0.1633,0.1429,58,20.0
Cameron Johnson,43,17,26,94,2,163,42,118,274,33,2026,Cameron Johnson,0.1809,0.1533,206,67.5
Cameron Payne,3,1,2,11,2,41,5,36,65,5,2026,Cameron Payne,0.0909,0.0769,44,6.5
Caris LeVert,23,13,10,64,3,91,21,70,175,18,2026,Caris LeVert,0.2031,0.12,114,40.5
Carter Bryant,36,18,18,74,2,136,30,106,214,19,2026,Carter Bryant,0.2432,0.1402,172,57.0
Cason Wallace,63,29,34,152,6,175,33,142,315,32,2026,Cason Wallace,0.1908,0.1048,238,76.5
Cedric Coward,83,47,34,209,7,281,65,215,476,52,2026,Cedric Coward,0.2249,0.1366,364,135.5
Chaney Johnson,33,23,10,93,2,46,12,34,72,4,2026,Chaney Johnson,0.2473,0.1667,79,46.5
Charles Bassey,23,12,11,47,1,34,6,28,60,8,2026,Charles Bassey,0.2553,0.1,57,24.0
Chaz Lanier,8,3,5,16,0,15,0,15,32,6,2026,Chaz Lanier,0.1875,0.0,23,4.5
Chet Holmgren,130,88,43,322,11,485,161,320,797,90,2026,Chet Holmgren,0.2733,0.202,615,293.0
Chris Boucher,2,1,1,12,0,16,6,10,28,1,2026,Chris Boucher,0.0833,0.2143,18,7.5
Chris Livingston,0,0,0,0,0,3,1,2,5,2,2026,Chris Livingston,0.0,0.2,3,1.0
Chris MaÃ±on,2,1,1,5,0,8,3,5,17,1,2026,Chris Maon,0.2,0.1765,10,4.5
Chris Paul,6,1,5,9,1,22,5,17,36,1,2026,Chris Paul,0.1111,0.1389,28,6.5
Chris Youngblood,7,1,6,11,1,20,5,15,31,3,2026,Chris Youngblood,0.0909,0.1613,27,6.5
Christian Braun,61,29,31,144,10,150,19,131,229,19,2026,Christian Braun,0.2014,0.083,211,62.5
Christian Koloko,31,22,9,84,2,50,14,36,100,11,2026,Christian Koloko,0.2619,0.14,81,47.0
Chucky Hepburn,0,0,0,0,0,1,0,1,2,0,2026,Chucky Hepburn,0.0,0.0,1,0.0
CJ Huntley,2,1,1,4,0,3,0,3,4,0,2026,CJ Huntley,0.25,0.0,5,1.5
CJ McCollum,62,17,45,133,0,190,33,157,308,19,2026,CJ McCollum,0.1278,0.1071,252,58.5
Clint Capela,160,117,43,279,6,182,79,103,324,37,2026,Clint Capela,0.4194,0.2438,342,254.5
Coby White,17,7,10,57,3,153,23,130,261,16,2026,Coby White,0.1228,0.0881,170,33.5
Cody Martin,1,1,0,8,1,13,4,9,25,2,2026,Cody Martin,0.125,0.16,14,5.5
Cody Williams,60,26,33,132,8,135,32,103,239,21,2026,Cody Williams,0.197,0.1339,195,71.0
Colby Jones,0,0,0,0,0,4,2,2,4,0,2026,Colby Jones,0.0,0.5,4,2.0
Cole Anthony,14,5,9,36,1,69,10,59,114,9,2026,Cole Anthony,0.1389,0.0877,83,17.5
Colin Castleton,2,2,0,7,0,6,1,5,9,0,2026,Colin Castleton,0.2857,0.1111,8,4.0
Collin Gillespie,88,34,54,196,3,237,42,193,429,46,2026,Collin Gillespie,0.1735,0.0979,325,93.0
Collin Murray-Boyles,133,83,50,304,13,152,47,105,329,59,2026,Collin Murray-Boyles,0.273,0.1429,285,171.5
Collin Sexton,41,18,23,122,5,114,20,93,213,18,2026,Collin Sexton,0.1475,0.0939,155,47.0
Cooper Flagg,82,39,41,233,6,374,87,287,638,69,2026,Cooper Flagg,0.1674,0.1364,456,145.5
Corey Kispert,27,7,20,61,3,105,20,85,181,16,2026,Corey Kispert,0.1148,0.1105,132,30.5
Cormac Ryan,8,1,7,16,0,20,2,18,37,4,2026,Cormac Ryan,0.0625,0.0541,28,3.5
Craig Porter Jr.,85,40,45,151,6,134,32,102,232,23,2026,Craig Porter Jr.,0.2649,0.1379,219,92.0
Curtis Jones,2,0,2,4,0,9,2,7,12,2,2026,Curtis Jones,0.0,0.1667,11,2.0
D'Angelo Russell,8,1,7,18,0,53,7,46,84,5,2026,D'Angelo Russell,0.0556,0.0833,61,8.5
Daeqwon Plowden,33,14,19,66,3,64,22,42,125,13,2026,Daeqwon Plowden,0.2121,0.176,97,43.0
Dalano Banton,2,1,1,4,0,3,2,1,3,0,2026,Dalano Banton,0.25,0.6667,5,3.5
Dalen Terry,26,15,11,56,2,60,15,45,110,5,2026,Dalen Terry,0.2679,0.1364,86,37.5
Dalton Knecht,14,5,9,37,0,61,15,46,97,8,2026,Dalton Knecht,0.1351,0.1546,75,22.5
Daniel Gafford,138,100,37,356,13,233,76,156,442,61,2026,Daniel Gafford,0.2809,0.1719,371,226.0
Daniss Jenkins,51,17,34,109,3,114,17,97,211,10,2026,Daniss Jenkins,0.156,0.0806,165,42.5
Danny Wolf,57,25,32,125,3,224,72,152,357,36,2026,Danny Wolf,0.2,0.2017,281,109.5
DaQuan Jeffries,3,2,1,8,1,2,1,1,8,3,2026,DaQuan Jeffries,0.25,0.125,5,4.0
Dario Saric,1,1,0,4,0,5,3,2,8,1,2026,Dario Saric,0.25,0.375,6,4.5
Dario Å ariÄ‡,1,1,0,4,0,5,3,2,8,1,2026,Dario ari,0.25,0.375,6,4.5
Dariq Whitehead,2,0,2,8,0,22,3,19,34,4,2026,Dariq Whitehead,0.0,0.0882,24,3.0
Darius Brown,0,0,0,1,0,1,0,1,1,0,2026,Darius Brown,0.0,0.0,1,0.0
Darius Garland,18,7,11,55,1,88,16,72,161,17,2026,Darius Garland,0.1273,0.0994,106,26.5
DaRon Holmes II,8,5,3,22,1,27,6,21,54,7,2026,DaRon Holmes II,0.2273,0.1111,35,13.5
David Jones Garcia,4,3,1,7,1,9,4,5,13,1,2026,David Jones Garcia,0.4286,0.3077,13,8.5
David Roddy,8,5,3,13,1,12,4,8,19,3,2026,David Roddy,0.3846,0.2105,20,11.5
Davion Mitchell,31,8,23,80,3,150,30,118,296,30,2026,Davion Mitchell,0.1,0.1014,181,42.0
Day'Ron Sharpe,171,122,49,393,10,242,85,157,383,44,2026,Day'Ron Sharpe,0.3104,0.2219,413,268.0
De'Aaron Fox,42,14,27,106,2,228,25,201,365,27,2026,De'Aaron Fox,0.1321,0.0685,270,46.0
De'Andre Hunter,29,12,17,87,4,149,42,106,259,28,2026,De'Andre Hunter,0.1379,0.1622,178,60.0
De'Anthony Melton,39,21,16,117,1,119,24,92,208,18,2026,De'Anthony Melton,0.1795,0.1154,158,55.5
Dean Wade,53,24,29,146,9,194,46,148,357,46,2026,Dean Wade,0.1644,0.1289,247,82.0
Deandre Ayton,185,133,51,384,5,390,120,269,642,73,2026,Deandre Ayton,0.3464,0.1869,575,319.5
DeAndre Jordan,26,16,10,46,0,50,21,29,81,8,2026,DeAndre Jordan,0.3478,0.2593,76,45.0
DeJon Jarreau,12,6,6,30,0,39,7,32,66,6,2026,DeJon Jarreau,0.2,0.1061,51,16.0
Dejounte Murray,4,2,2,25,2,71,5,66,110,10,2026,Dejounte Murray,0.08,0.0455,75,8.0
DeMar DeRozan,35,12,22,112,4,191,51,141,325,28,2026,DeMar DeRozan,0.1071,0.1569,226,69.0
Deni Avdija,74,37,38,236,9,380,74,306,632,61,2026,Deni Avdija,0.1568,0.1171,454,129.5
Dennis Schroder,33,5,28,82,2,156,29,127,277,26,2026,Dennis Schroder,0.061,0.1047,189,36.5
Dennis SchrÃ¶der,33,5,28,82,2,156,29,127,277,26,2026,Dennis Schrder,0.061,0.1047,189,36.5
Dereck Lively II,14,11,3,33,0,23,5,18,46,8,2026,Dereck Lively II,0.3333,0.1087,37,21.5
Derik Queen,136,101,35,318,13,436,148,288,750,80,2026,Derik Queen,0.3176,0.1973,572,299.5
Derrick Jones Jr.,61,33,27,109,3,112,34,78,209,23,2026,Derrick Jones Jr.,0.3028,0.1627,173,83.5
Derrick White,86,39,47,179,2,253,40,214,478,51,2026,Derrick White,0.2179,0.0837,339,98.5
Desmond Bane,98,46,52,236,8,240,52,187,430,45,2026,Desmond Bane,0.1949,0.1209,338,121.0
Devin Booker,48,25,23,151,6,200,42,155,363,37,2026,Devin Booker,0.1656,0.1157,248,79.5
Devin Carter,36,15,21,72,3,89,12,77,140,7,2026,Devin Carter,0.2083,0.0857,125,34.5
Devin Vassell,38,12,26,73,4,228,43,185,369,22,2026,Devin Vassell,0.1644,0.1165,266,61.0
Dillon Brooks,43,16,27,122,6,160,27,132,292,29,2026,Dillon Brooks,0.1311,0.0925,203,51.0
Dillon Jones,2,0,2,2,0,5,0,5,9,0,2026,Dillon Jones,0.0,0.0,7,0.0
Domantas Sabonis,64,50,14,168,4,152,44,108,246,24,2026,Domantas Sabonis,0.2976,0.1789,216,119.0
Dominick Barlow,133,75,58,245,5,207,56,151,380,31,2026,Dominick Barlow,0.3061,0.1474,340,168.5
Donovan Clingan,347,249,98,682,18,545,194,350,942,93,2026,Donovan Clingan,0.3651,0.2059,892,567.5
Donovan Mitchell,49,17,31,119,6,260,43,217,436,41,2026,Donovan Mitchell,0.1429,0.0986,309,68.5
Donte DiVincenzo,67,30,37,140,8,263,49,213,431,36,2026,Donte DiVincenzo,0.2143,0.1137,330,94.0
Dorian Finney-Smith,35,18,17,75,1,58,18,40,108,12,2026,Dorian Finney-Smith,0.24,0.1667,93,45.0
Doug McDermott,7,3,4,13,1,30,8,22,52,6,2026,Doug McDermott,0.2308,0.1538,37,12.5
Drake Powell,21,3,18,47,3,90,17,73,170,24,2026,Drake Powell,0.0638,0.1,111,21.5
Draymond Green,55,26,30,138,3,320,107,211,555,61,2026,Draymond Green,0.1884,0.1928,375,146.0
Drew Eubanks,39,19,20,89,2,88,34,53,175,26,2026,Drew Eubanks,0.2135,0.1943,127,62.5
Drew Peterson,3,1,2,7,0,6,1,5,12,1,2026,Drew Peterson,0.1429,0.0833,9,2.5
Drew Timme,10,8,2,17,0,23,4,19,47,8,2026,Drew Timme,0.4706,0.0851,33,16.0
Dru Smith,60,29,31,129,11,105,24,80,196,19,2026,Dru Smith,0.2248,0.1224,165,67.5
Duncan Robinson,28,8,19,53,0,169,37,132,278,18,2026,Duncan Robinson,0.1509,0.1331,197,49.0
Duop Reath,10,5,5,27,1,28,9,19,59,10,2026,Duop Reath,0.1852,0.1525,38,16.5
Dwight Powell,95,47,48,227,3,158,45,116,264,11,2026,Dwight Powell,0.207,0.1705,253,115.5
Dylan Cardwell,147,103,44,279,10,185,64,121,316,31,2026,Dylan Cardwell,0.3692,0.2025,332,218.5
Dylan Harper,53,31,22,123,7,179,41,138,291,15,2026,Dylan Harper,0.252,0.1409,232,87.5
Dyson Daniels,184,99,85,391,17,336,74,261,539,45,2026,Dyson Daniels,0.2532,0.1373,520,222.5
E.J. Liddell,14,9,5,44,1,54,20,34,87,9,2026,E.J. Liddell,0.2045,0.2299,68,33.5
Egor DÃ«min,21,4,17,53,2,144,31,113,230,18,2026,Egor Dmin,0.0755,0.1348,165,37.0
Elijah Harkless,10,5,5,26,1,43,13,30,87,9,2026,Elijah Harkless,0.1923,0.1494,53,20.5
Emanuel Miller,1,1,0,2,0,2,1,1,4,1,2026,Emanuel Miller,0.5,0.25,3,2.5
Enrique Freeman,2,1,1,6,1,8,2,6,12,1,2026,Enrique Freeman,0.1667,0.1667,10,3.5
Eric Gordon,1,0,1,1,0,1,0,1,1,0,2026,Eric Gordon,0.0,0.0,2,0.0
Ethan Thompson,17,8,9,36,3,52,12,40,96,11,2026,Ethan Thompson,0.2222,0.125,69,24.0
Evan Mobley,156,96,58,339,10,426,168,257,728,97,2026,Evan Mobley,0.2832,0.2308,582,312.0
Franz Wagner,43,20,23,87,1,134,22,112,201,16,2026,Franz Wagner,0.2299,0.1095,177,52.0
Gabe Vincent,17,2,15,30,3,37,10,27,74,8,2026,Gabe Vincent,0.0667,0.1351,54,13.0
Garrett Temple,1,1,0,2,0,8,3,5,12,0,2026,Garrett Temple,0.5,0.25,9,4.5
Garrison Mathews,2,0,2,6,1,15,2,13,35,4,2026,Garrison Mathews,0.0,0.0571,17,2.0
Gary Harris,16,6,10,33,1,41,7,34,70,6,2026,Gary Harris,0.1818,0.1,57,16.0
Gary Payton II,101,50,51,182,3,164,28,136,287,22,2026,Gary Payton II,0.2747,0.0976,265,103.0
Gary Trent Jr.,8,0,8,20,0,58,9,49,86,2,2026,Gary Trent Jr.,0.0,0.1047,66,9.0
GG Jackson,49,30,19,116,5,185,39,146,303,30,2026,GG Jackson,0.2586,0.1287,234,84.0
Giannis Antetokounmpo,98,68,29,194,4,254,51,203,351,25,2026,Giannis Antetokounmpo,0.3505,0.1453,352,153.0
Goga Bitadze,137,94,41,288,9,183,74,109,322,37,2026,Goga Bitadze,0.3264,0.2298,320,215.0
Gradey Dick,42,18,24,93,3,105,25,79,178,15,2026,Gradey Dick,0.1935,0.1404,147,52.0
Grant Nelson,1,1,0,9,1,5,3,2,9,1,2026,Grant Nelson,0.1111,0.3333,6,4.5
Grant Williams,46,28,19,92,3,96,39,57,193,30,2026,Grant Williams,0.3043,0.2021,142,81.0
Grayson Allen,37,9,28,92,6,118,23,94,244,27,2026,Grayson Allen,0.0978,0.0943,155,36.5
Guerschon Yabusele,56,28,28,154,9,178,46,127,317,46,2026,Guerschon Yabusele,0.1818,0.1451,234,88.0
Gui Santos,75,39,35,185,7,191,44,144,342,31,2026,Gui Santos,0.2108,0.1287,266,102.5
Harrison Barnes,63,20,43,135,5,151,48,104,261,21,2026,Harrison Barnes,0.1481,0.1839,214,78.0
Harrison Ingram,3,1,2,3,0,0,0,0,0,0,2026,Harrison Ingram,0.3333,0.0,3,1.5
Haywood Highsmith,6,3,3,15,0,7,0,7,14,2,2026,Haywood Highsmith,0.2,0.0,13,4.5
Herbert Jones,47,19,28,87,0,143,37,106,281,27,2026,Herbert Jones,0.2184,0.1317,190,65.5
Hugo GonzÃ¡lez,62,28,34,163,5,184,34,150,311,29,2026,Hugo Gonzlez,0.1718,0.1093,246,76.0
Hunter Dickinson,2,1,1,4,1,3,2,1,6,2,2026,Hunter Dickinson,0.25,0.3333,5,3.5
Hunter Sallis,0,0,0,0,0,1,0,1,2,0,2026,Hunter Sallis,0.0,0.0,1,0.0
Hunter Tyson,4,2,2,21,0,32,10,22,47,5,2026,Hunter Tyson,0.0952,0.2128,36,13.0
Immanuel Quickley,38,4,34,107,3,241,29,212,406,37,2026,Immanuel Quickley,0.0374,0.0714,279,35.0
Isaac Jones,2,1,1,5,0,3,0,3,4,1,2026,Isaac Jones,0.2,0.0,5,1.5
Isaac Okoro,69,30,40,161,10,103,29,74,228,29,2026,Isaac Okoro,0.1863,0.1272,172,74.0
Isaiah Collier,20,5,15,71,0,129,25,103,224,22,2026,Isaiah Collier,0.0704,0.1116,149,32.5
Isaiah Crawford,3,3,0,9,0,13,6,7,16,0,2026,Isaiah Crawford,0.3333,0.375,16,10.5
Isaiah Hartenstein,149,107,43,345,14,294,97,197,484,56,2026,Isaiah Hartenstein,0.3101,0.2004,443,257.5
Isaiah Jackson,113,79,33,243,6,177,60,118,319,24,2026,Isaiah Jackson,0.3251,0.1881,290,178.5
Isaiah Joe,33,6,27,82,5,146,27,121,280,36,2026,Isaiah Joe,0.0732,0.0964,179,36.0
Isaiah Livers,19,8,11,49,5,42,14,28,68,4,2026,Isaiah Livers,0.1633,0.2059,61,26.0
Isaiah Stevens,2,0,2,3,0,1,0,1,3,1,2026,Isaiah Stevens,0.0,0.0,3,0.0
Isaiah Stewart,94,49,41,232,6,188,62,124,368,38,2026,Isaiah Stewart,0.2112,0.1685,282,135.5
Ivica Zubac,162,138,24,361,7,347,129,218,574,61,2026,Ivica Zubac,0.3823,0.2247,509,336.0
Ja Morant,8,4,4,34,4,57,6,50,83,8,2026,Ja Morant,0.1176,0.0723,65,12.0
Ja'Kobe Walter,56,25,31,133,3,129,26,102,231,20,2026,Ja'Kobe Walter,0.188,0.1126,185,63.5
Jabari Smith Jr.,103,58,45,264,7,415,123,292,655,45,2026,Jabari Smith Jr.,0.2197,0.1878,518,210.0
Jabari Walker,72,50,22,170,4,120,34,86,210,19,2026,Jabari Walker,0.2941,0.1619,192,109.0
Jacob Toppin,0,1,0,1,0,1,0,1,1,0,2026,Jacob Toppin,1.0,0.0,1,1.5
Jaden Hardy,15,5,10,32,3,71,11,60,132,14,2026,Jaden Hardy,0.1562,0.0833,86,18.5
Jaden Ivey,24,8,16,61,3,65,15,50,110,9,2026,Jaden Ivey,0.1311,0.1364,89,27.0
Jaden McDaniels,75,25,50,159,3,227,53,174,430,51,2026,Jaden McDaniels,0.1572,0.1233,302,90.5
Jae'Sean Tate,33,18,15,68,1,40,11,29,78,11,2026,Jae'Sean Tate,0.2647,0.141,73,38.0
Jahmai Mashack,23,18,5,72,6,58,14,44,134,12,2026,Jahmai Mashack,0.25,0.1045,81,41.0
Jahmir Young,2,1,1,3,0,2,0,2,3,0,2026,Jahmir Young,0.3333,0.0,4,1.5
Jahmyl Telfort,0,0,0,0,0,3,0,3,3,0,2026,Jahmyl Telfort,0.0,0.0,3,0.0
Jaime Jaquez Jr.,93,47,46,261,9,278,53,225,485,51,2026,Jaime Jaquez Jr.,0.1801,0.1093,371,123.5
Jake LaRavia,116,69,46,245,7,210,60,149,384,37,2026,Jake LaRavia,0.2816,0.1562,326,163.5
Jakob Poeltl,111,84,27,247,9,205,94,111,360,40,2026,Jakob Poeltl,0.3401,0.2611,316,220.0
Jalen Brunson,31,6,25,96,7,216,36,180,384,42,2026,Jalen Brunson,0.0625,0.0938,247,45.0
Jalen Duren,263,179,84,603,24,467,158,309,807,85,2026,Jalen Duren,0.2968,0.1958,730,426.5
Jalen Green,16,3,13,54,0,100,14,85,157,16,2026,Jalen Green,0.0556,0.0892,116,18.5
Jalen Johnson,101,54,46,300,11,639,174,466,913,68,2026,Jalen Johnson,0.18,0.1906,740,255.0
Jalen Pickett,18,7,11,59,3,96,21,74,153,16,2026,Jalen Pickett,0.1186,0.1373,114,31.5
Jalen Slawson,7,4,3,27,2,50,11,39,94,10,2026,Jalen Slawson,0.1481,0.117,57,17.0
Jalen Smith,98,68,30,197,4,257,93,164,433,51,2026,Jalen Smith,0.3452,0.2148,355,195.0
Jalen Suggs,36,12,24,76,3,184,34,150,313,31,2026,Jalen Suggs,0.1579,0.1086,220,52.0
Jalen Williams,27,10,17,73,3,125,36,89,197,18,2026,Jalen Williams,0.137,0.1827,152,51.0
Jalen Wilson,17,4,13,50,4,97,27,70,161,15,2026,Jalen Wilson,0.08,0.1677,114,33.0
Jamal Cain,28,20,8,77,3,50,9,41,85,11,2026,Jamal Cain,0.2597,0.1059,78,39.0
Jamal Murray,32,11,21,115,5,298,62,233,482,49,2026,Jamal Murray,0.0957,0.1286,330,78.5
Jamal Shead,25,8,17,70,4,114,22,93,233,29,2026,Jamal Shead,0.1143,0.0944,139,34.0
Jamaree Bouyea,18,5,13,50,1,64,12,52,112,14,2026,Jamaree Bouyea,0.1,0.1071,82,19.5
James Harden,40,16,24,161,4,296,50,246,436,32,2026,James Harden,0.0994,0.1147,336,74.0
James Wiseman,5,5,0,7,0,3,2,1,15,3,2026,James Wiseman,0.7143,0.1333,8,9.5
Jamir Watkins,49,16,33,105,3,145,35,110,240,20,2026,Jamir Watkins,0.1524,0.1458,194,59.0
Jamison Battle,20,10,10,38,1,69,15,52,126,19,2026,Jamison Battle,0.2632,0.119,89,30.0
Jarace Walker,49,16,33,129,6,342,63,279,511,40,2026,Jarace Walker,0.124,0.1233,391,87.0
Jared McCain,23,10,13,72,2,115,21,93,208,10,2026,Jared McCain,0.1389,0.101,138,36.0
Jaren Jackson Jr.,42,26,15,124,2,230,86,143,430,50,2026,Jaren Jackson Jr.,0.2097,0.2,272,125.0
Jarred Vanderbilt,80,47,33,194,8,212,55,155,334,30,2026,Jarred Vanderbilt,0.2423,0.1647,292,125.5
Jarrett Allen,142,94,47,305,6,324,101,221,523,53,2026,Jarrett Allen,0.3082,0.1931,466,242.0
Jase Richardson,21,8,12,42,2,42,8,34,64,3,2026,Jase Richardson,0.1905,0.125,63,20.0
Javon Small,36,10,25,76,2,92,22,70,136,8,2026,Javon Small,0.1316,0.1618,128,37.0
Javonte Cooke,4,2,2,11,0,15,1,14,21,2,2026,Javonte Cooke,0.1818,0.0476,19,4.0
Javonte Green,62,34,28,134,5,167,46,119,287,21,2026,Javonte Green,0.2537,0.1603,229,97.0
Jaxson Hayes,99,71,28,212,1,172,60,112,282,28,2026,Jaxson Hayes,0.3349,0.2128,271,166.5
Jay Huff,73,45,28,179,4,251,77,174,566,79,2026,Jay Huff,0.2514,0.136,324,144.5
Jaylen Brown,81,36,45,232,3,411,96,313,634,49,2026,Jaylen Brown,0.1552,0.1514,492,150.0
Jaylen Clark,54,37,17,102,4,66,19,47,117,10,2026,Jaylen Clark,0.3627,0.1624,120,74.5
Jaylen Wells,61,25,35,138,10,159,26,132,298,32,2026,Jaylen Wells,0.1812,0.0872,220,63.5
Jaylin Williams,32,15,17,114,4,323,120,203,494,43,2026,Jaylin Williams,0.1316,0.2429,355,142.5
Jaylon Tyson,116,51,64,272,19,217,31,186,363,48,2026,Jaylon Tyson,0.1875,0.0854,333,107.5
Jayson Kent,0,0,0,0,0,5,1,4,7,0,2026,Jayson Kent,0.0,0.1429,5,1.0
Jayson Tatum,8,2,6,41,2,152,34,118,205,13,2026,Jayson Tatum,0.0488,0.1659,160,37.0
JD Davison,3,2,1,13,1,31,4,27,51,6,2026,JD Davison,0.1538,0.0784,34,7.0
Jeenathan Williams,17,9,8,33,2,10,0,10,19,3,2026,Jeenathan Williams,0.2727,0.0,27,13.5
Jeff Green,7,4,3,9,0,18,5,13,29,1,2026,Jeff Green,0.4444,0.1724,25,11.0
Jerami Grant,55,21,34,125,5,143,24,118,237,19,2026,Jerami Grant,0.168,0.1013,198,55.5
Jeremiah Fears,60,25,35,195,9,240,38,202,417,46,2026,Jeremiah Fears,0.1282,0.0911,300,75.5
Jeremiah Robinson-Earl,36,17,19,91,2,67,16,51,107,8,2026,Jeremiah Robinson-Earl,0.1868,0.1495,103,41.5
Jeremy Sochan,37,24,13,108,4,70,20,50,130,11,2026,Jeremy Sochan,0.2222,0.1538,107,56.0
Jericho Sims,145,93,52,325,11,223,61,162,380,44,2026,Jericho Sims,0.2862,0.1605,368,200.5
Jett Howard,23,7,16,40,3,64,18,46,103,10,2026,Jett Howard,0.175,0.1748,87,28.5
Jevon Carter,14,1,13,24,2,75,10,65,114,5,2026,Jevon Carter,0.0417,0.0877,89,11.5
Jimmy Butler,88,60,27,197,7,123,36,87,211,17,2026,Jimmy Butler,0.3046,0.1706,211,126.0
Jimmy Butler III,88,60,27,197,7,123,36,87,211,17,2026,Jimmy Butler III,0.3046,0.1706,211,126.0
Joan Beringer,45,34,11,110,4,47,13,34,104,16,2026,Joan Beringer,0.3091,0.125,92,64.0
Jock Landale,183,121,62,438,14,204,78,126,423,51,2026,Jock Landale,0.2763,0.1844,387,259.5
Joe Ingles,0,0,0,0,0,19,3,16,25,0,2026,Joe Ingles,0.0,0.12,19,3.0
Joel Embiid,75,50,25,159,4,218,77,141,388,33,2026,Joel Embiid,0.3145,0.1985,293,152.0
John Collins,110,70,40,272,5,257,77,180,457,45,2026,John Collins,0.2574,0.1685,367,182.0
John Konchar,74,27,46,163,6,166,32,134,284,33,2026,John Konchar,0.1656,0.1127,240,72.5
John Poulakidas,4,1,3,13,0,26,2,24,41,6,2026,John Poulakidas,0.0769,0.0488,30,3.5
John Tonje,0,0,0,6,0,6,1,5,8,0,2026,John Tonje,0.0,0.125,6,1.0
Johni Broome,7,3,4,11,0,9,4,5,12,1,2026,Johni Broome,0.2727,0.3333,16,8.5
Johnny Furphy,32,19,13,98,2,121,30,91,203,21,2026,Johnny Furphy,0.1939,0.1478,153,58.5
Johnny Juzang,5,2,3,7,0,12,3,9,19,2,2026,Johnny Juzang,0.2857,0.1579,17,6.0
Jonas Valanciunas,105,75,30,227,6,224,67,155,366,40,2026,Jonas Valanciunas,0.3304,0.1831,329,179.5
Jonas ValanÄiÅ«nas,105,75,30,227,6,224,67,155,366,40,2026,Jonas Valaninas,0.3304,0.1831,329,179.5
Jonathan Isaac,43,30,13,131,4,89,24,65,152,17,2026,Jonathan Isaac,0.229,0.1579,132,69.0
Jonathan Kuminga,49,27,22,111,3,153,42,111,224,10,2026,Jonathan Kuminga,0.2432,0.1875,202,82.5
Jonathan Mogbo,19,9,10,39,1,48,14,34,70,3,2026,Jonathan Mogbo,0.2308,0.2,67,27.5
Jordan Clarkson,62,25,37,132,8,65,14,51,136,19,2026,Jordan Clarkson,0.1894,0.1029,127,51.5
Jordan Goodwin,138,73,65,321,11,203,45,158,369,38,2026,Jordan Goodwin,0.2274,0.122,341,154.5
Jordan Hawkins,20,6,14,38,0,68,22,46,128,17,2026,Jordan Hawkins,0.1579,0.1719,88,31.0
Jordan McLaughlin,7,2,5,16,0,25,3,21,35,2,2026,Jordan McLaughlin,0.125,0.0857,32,6.0
Jordan Miller,50,26,24,127,3,132,32,100,236,23,2026,Jordan Miller,0.2047,0.1356,182,71.0
Jordan Poole,9,4,5,36,2,68,9,59,121,11,2026,Jordan Poole,0.1111,0.0744,77,15.0
Jordan Walsh,85,47,38,188,7,187,49,138,310,26,2026,Jordan Walsh,0.25,0.1581,272,119.5
Jose Alvarado,26,5,21,64,5,145,21,124,255,24,2026,Jose Alvarado,0.0781,0.0824,171,28.5
Josh Giddey,67,36,31,176,11,381,74,308,568,43,2026,Josh Giddey,0.2045,0.1303,448,128.0
Josh Green,45,15,30,76,2,57,15,42,94,9,2026,Josh Green,0.1974,0.1596,102,37.5
Josh Hart,93,48,45,218,10,393,85,307,601,63,2026,Josh Hart,0.2202,0.1414,486,157.0
Josh Minott,48,26,23,92,2,110,31,78,192,21,2026,Josh Minott,0.2826,0.1615,158,70.0
Josh Oduro,11,7,4,21,1,12,3,9,17,2,2026,Josh Oduro,0.3333,0.1765,23,13.5
Josh Okogie,79,41,38,174,11,117,35,83,208,18,2026,Josh Okogie,0.2356,0.1683,196,96.5
Jrue Holiday,71,24,47,162,7,174,27,147,269,11,2026,Jrue Holiday,0.1481,0.1004,245,63.0
Julian Champagnie,74,28,46,175,2,392,92,301,593,66,2026,Julian Champagnie,0.16,0.1551,466,134.0
Julian Phillips,23,13,10,51,3,26,7,19,50,2,2026,Julian Phillips,0.2549,0.14,49,26.5
Julian Reese,55,35,18,111,4,82,29,50,122,10,2026,Julian Reese,0.3153,0.2377,137,81.5
Julian Strawther,12,3,9,33,0,102,22,80,154,14,2026,Julian Strawther,0.0909,0.1429,114,26.5
Julius Randle,128,77,51,336,7,385,106,276,623,67,2026,Julius Randle,0.2292,0.1701,513,221.5
Justin Champagnie,145,81,62,266,4,239,53,185,380,30,2026,Justin Champagnie,0.3045,0.1395,384,174.5
Justin Edwards,26,14,13,55,3,68,16,52,108,4,2026,Justin Edwards,0.2545,0.1481,94,37.0
Jusuf Nurkic,106,85,21,274,4,319,105,213,489,56,2026,Jusuf Nurkic,0.3102,0.2147,425,232.5
Jusuf NurkiÄ‡,106,85,21,274,4,319,105,213,489,56,2026,Jusuf Nurki,0.3102,0.2147,425,232.5
Kadary Richmond,1,1,0,3,0,9,5,4,13,1,2026,Kadary Richmond,0.3333,0.3846,10,6.5
Kam Jones,15,2,13,35,0,45,6,38,86,14,2026,Kam Jones,0.0571,0.0698,60,9.0
Karl-Anthony Towns,233,154,79,505,14,656,179,476,959,79,2026,Karl-Anthony Towns,0.305,0.1867,889,410.0
Karlo MatkoviÄ‡,72,50,22,132,7,157,56,101,272,30,2026,Karlo Matkovi,0.3788,0.2059,229,131.0
Kasparas JakuÄionis,43,13,30,109,5,95,20,74,169,18,2026,Kasparas Jakuionis,0.1193,0.1183,138,39.5
Kawhi Leonard,71,39,32,158,5,342,69,273,523,44,2026,Kawhi Leonard,0.2468,0.1319,413,127.5
Keaton Wallace,3,0,3,14,1,53,10,43,84,5,2026,Keaton Wallace,0.0,0.119,56,10.0
Keegan Murray,33,20,13,68,1,99,24,75,181,22,2026,Keegan Murray,0.2941,0.1326,132,54.0
Kel'el Ware,213,144,69,407,15,465,162,303,735,69,2026,Kel'el Ware,0.3538,0.2204,678,378.0
Keldon Johnson,137,89,48,312,15,299,82,216,510,60,2026,Keldon Johnson,0.2853,0.1608,436,215.5
Kelly Olynyk,24,15,9,51,1,52,9,43,77,10,2026,Kelly Olynyk,0.2941,0.1169,76,31.5
Kelly Oubre Jr.,50,23,27,134,7,202,40,162,342,27,2026,Kelly Oubre Jr.,0.1716,0.117,252,74.5
Kennedy Chandler,6,2,4,18,2,31,4,27,43,4,2026,Kennedy Chandler,0.1111,0.093,37,7.0
Kenrich Williams,59,31,28,149,5,128,33,95,203,10,2026,Kenrich Williams,0.2081,0.1626,187,79.5
Kentavious Caldwell-Pope,20,7,13,46,2,105,17,88,155,12,2026,Kentavious Caldwell-Pope,0.1522,0.1097,125,27.5
Keon Ellis,38,10,28,80,5,97,15,82,176,11,2026,Keon Ellis,0.125,0.0852,135,30.0
Keshad Johnson,26,15,11,50,3,36,12,24,78,13,2026,Keshad Johnson,0.3,0.1538,62,34.5
Keshon Gilbert,2,1,1,4,0,3,0,3,10,1,2026,Keshon Gilbert,0.25,0.0,5,1.5
Kevin Durant,41,8,31,102,5,379,113,266,555,42,2026,Kevin Durant,0.0784,0.2036,420,125.0
Kevin Huerter,34,15,19,103,2,206,42,161,321,27,2026,Kevin Huerter,0.1456,0.1308,240,64.5
Kevin Love,53,37,16,114,7,152,60,92,261,32,2026,Kevin Love,0.3246,0.2299,205,115.5
Kevin McCullar Jr.,11,4,7,23,1,17,4,13,26,1,2026,Kevin McCullar Jr.,0.1739,0.1538,28,10.0
Kevin Porter Jr.,34,12,22,92,1,164,27,137,274,23,2026,Kevin Porter Jr.,0.1304,0.0985,198,45.0
Kevon Looney,48,30,17,85,1,70,20,50,113,8,2026,Kevon Looney,0.3529,0.177,118,65.0
Keyonte George,23,4,19,81,3,173,23,149,256,19,2026,Keyonte George,0.0494,0.0898,196,29.0
Khaman Maluach,47,36,11,111,5,82,18,64,150,20,2026,Khaman Maluach,0.3243,0.12,129,72.0
Khris Middleton,51,21,30,96,3,180,39,141,302,22,2026,Khris Middleton,0.2188,0.1291,231,70.5
Killian Hayes,4,0,4,12,1,50,6,44,72,0,2026,Killian Hayes,0.0,0.0833,54,6.0
KJ Simpson,9,3,6,21,1,28,8,20,41,4,2026,KJ Simpson,0.1429,0.1951,37,12.5
Klay Thompson,18,6,12,42,0,122,29,92,217,24,2026,Klay Thompson,0.1429,0.1336,140,38.0
Kobe Brown,68,39,29,149,1,117,28,89,199,10,2026,Kobe Brown,0.2617,0.1407,185,86.5
Kobe Bufkin,1,0,1,5,0,12,1,11,20,2,2026,Kobe Bufkin,0.0,0.05,13,1.0
Kobe Sanders,29,13,16,72,2,124,26,98,224,22,2026,Kobe Sanders,0.1806,0.1161,153,45.5
Koby Brea,1,1,0,2,0,7,1,6,11,0,2026,Koby Brea,0.5,0.0909,8,2.5
Kon Knueppel,97,41,56,258,11,335,63,271,609,63,2026,Kon Knueppel,0.1589,0.1034,432,124.5
Kris Dunn,58,25,33,130,4,213,44,169,395,43,2026,Kris Dunn,0.1923,0.1114,271,81.5
Kris Murray,90,65,25,229,10,116,30,86,232,24,2026,Kris Murray,0.2838,0.1293,206,127.5
Kristaps Porzingis,40,34,6,101,1,127,54,73,218,25,2026,Kristaps Porzingis,0.3366,0.2477,167,105.0
Kristaps PorziÅ†Ä£is,40,34,6,101,1,127,54,73,218,25,2026,Kristaps Porziis,0.3366,0.2477,167,105.0
Kyle Anderson,41,19,22,80,0,99,32,67,176,18,2026,Kyle Anderson,0.2375,0.1818,140,60.5
Kyle Filipowski,144,85,58,342,6,404,123,277,578,31,2026,Kyle Filipowski,0.2485,0.2128,548,250.5
Kyle Kuzma,54,32,22,150,5,247,60,187,400,46,2026,Kyle Kuzma,0.2133,0.15,301,108.0
Kyle Lowry,0,0,0,2,0,9,2,7,18,2,2026,Kyle Lowry,0.0,0.1111,9,2.0
Kyshawn George,43,21,22,117,7,202,56,145,322,18,2026,Kyshawn George,0.1795,0.1739,245,87.5
Lachlan Olbrich,41,28,13,92,3,65,23,42,122,19,2026,Lachlan Olbrich,0.3043,0.1885,106,65.0
LaMelo Ball,65,28,37,164,8,282,66,216,420,33,2026,LaMelo Ball,0.1707,0.1571,347,108.0
Landry Shamet,23,7,16,55,4,69,9,60,149,18,2026,Landry Shamet,0.1273,0.0604,92,19.5
Larry Nance Jr.,29,17,12,69,0,64,12,52,117,12,2026,Larry Nance Jr.,0.2464,0.1026,93,37.5
Lauri Markkanen,81,53,28,182,5,201,61,140,302,21,2026,Lauri Markkanen,0.2912,0.202,282,140.5
Lawson Lovering,6,4,2,8,0,9,3,6,15,0,2026,Lawson Lovering,0.5,0.2,15,9.0
Leaky Black,15,6,8,23,0,60,13,47,93,5,2026,Leaky Black,0.2609,0.1398,75,22.0
LeBron James,43,21,22,137,1,321,70,251,485,40,2026,LeBron James,0.1533,0.1443,364,101.5
Leonard Miller,54,26,28,112,2,127,28,92,210,20,2026,Leonard Miller,0.2321,0.1333,181,67.0
Liam McNeeley,13,7,6,38,3,60,11,49,103,13,2026,Liam McNeeley,0.1842,0.1068,73,21.5
Lindy Waters III,3,2,1,10,0,26,9,17,42,5,2026,Lindy Waters III,0.2,0.2143,29,12.0
LJ Cryer,4,0,4,7,1,21,4,17,34,3,2026,LJ Cryer,0.0,0.1176,25,4.0
Lonzo Ball,26,13,13,63,0,114,30,84,180,14,2026,Lonzo Ball,0.2063,0.1667,140,49.5
Lucas Williamson,11,6,5,23,0,27,9,18,49,5,2026,Lucas Williamson,0.2609,0.1837,38,18.0
Luguentz Dort,56,23,33,145,2,189,55,134,337,31,2026,Luguentz Dort,0.1586,0.1632,245,89.5
Luka DonÄiÄ‡,41,18,22,116,1,454,121,333,681,50,2026,Luka Doni,0.1552,0.1777,495,148.0
Luka Garza,156,115,41,363,17,125,61,64,281,46,2026,Luka Garza,0.3168,0.2171,281,233.5
Luke Kennard,32,10,22,75,4,150,13,137,243,18,2026,Luke Kennard,0.1333,0.0535,182,28.0
Luke Kornet,180,127,54,360,11,233,92,141,450,68,2026,Luke Kornet,0.3528,0.2044,413,282.5
Luke Travers,9,2,7,18,0,15,5,10,21,0,2026,Luke Travers,0.1111,0.2381,24,8.0
Mac McClung,2,1,1,6,0,8,1,7,19,3,2026,Mac McClung,0.1667,0.0526,10,2.5
Malachi Smith,12,5,7,27,1,39,9,30,57,2,2026,Malachi Smith,0.1852,0.1579,51,16.5
Malaki Branham,12,4,8,26,0,32,8,24,56,6,2026,Malaki Branham,0.1538,0.1429,44,14.0
Malevy Leons,29,15,14,53,0,23,9,14,61,8,2026,Malevy Leons,0.283,0.1475,52,31.5
Malik Monk,15,3,12,58,2,102,22,80,173,15,2026,Malik Monk,0.0517,0.1272,117,26.5
Marcus Sasser,7,1,6,14,0,32,2,30,46,2,2026,Marcus Sasser,0.0714,0.0435,39,3.5
Marcus Smart,36,10,26,74,4,136,57,78,251,29,2026,Marcus Smart,0.1351,0.2271,172,72.0
MarJon Beauchamp,7,4,3,11,0,25,7,18,55,8,2026,MarJon Beauchamp,0.3636,0.1273,32,13.0
Mark Sears,1,0,1,1,0,1,0,1,2,0,2026,Mark Sears,0.0,0.0,2,0.0
Mark Williams,185,134,51,354,10,292,91,199,479,47,2026,Mark Williams,0.3785,0.19,477,292.0
Markelle Fultz,0,0,0,1,0,1,0,1,1,0,2026,Markelle Fultz,0.0,0.0,1,0.0
Marvin Bagley III,150,105,44,309,3,216,90,126,387,40,2026,Marvin Bagley III,0.3398,0.2326,366,247.5
Mason Plumlee,17,7,10,43,2,36,9,27,70,7,2026,Mason Plumlee,0.1628,0.1286,53,19.5
Matas Buzelis,77,40,37,196,9,371,72,298,636,77,2026,Matas Buzelis,0.2041,0.1132,448,132.0
Matisse Thybulle,17,3,14,31,1,42,9,33,71,7,2026,Matisse Thybulle,0.0968,0.1268,59,13.5
Max Christie,15,4,11,60,5,230,52,178,385,33,2026,Max Christie,0.0667,0.1351,245,58.0
Max Shulga,3,3,0,6,0,3,0,3,5,0,2026,Max Shulga,0.5,0.0,6,4.5
Max Strus,9,2,7,26,2,56,14,42,80,8,2026,Max Strus,0.0769,0.175,65,17.0
Maxi Kleber,36,23,13,77,2,48,12,36,86,8,2026,Maxi Kleber,0.2987,0.1395,84,46.5
Maxime Raynaud,142,78,64,349,11,414,122,292,658,63,2026,Maxime Raynaud,0.2235,0.1854,556,239.0
Micah Peavy,46,25,21,106,3,71,16,55,142,13,2026,Micah Peavy,0.2358,0.1127,117,53.5
Micah Potter,58,33,25,142,4,175,59,116,316,39,2026,Micah Potter,0.2324,0.1867,233,108.5
Michael Porter Jr.,69,33,36,178,7,298,76,222,461,36,2026,Michael Porter Jr.,0.1854,0.1649,367,125.5
Mikal Bridges,79,34,45,139,5,233,47,185,425,41,2026,Mikal Bridges,0.2446,0.1106,312,98.0
Mike Conley,18,5,13,38,1,74,14,60,138,11,2026,Mike Conley,0.1316,0.1014,92,21.5
Miles Bridges,75,30,45,181,2,375,86,289,594,50,2026,Miles Bridges,0.1657,0.1448,450,131.0
Miles Kelly,5,1,4,8,0,19,5,14,30,1,2026,Miles Kelly,0.125,0.1667,24,6.5
Miles McBride,24,8,16,58,1,76,18,57,149,17,2026,Miles McBride,0.1379,0.1208,100,30.0
Mitchell Robinson,252,191,60,412,8,273,127,146,421,30,2026,Mitchell Robinson,0.4636,0.3017,525,413.5
Mo Bamba,10,6,4,9,1,12,5,7,15,3,2026,Mo Bamba,0.6667,0.3333,22,14.0
Mohamed Diawara,15,9,6,40,0,79,13,66,120,9,2026,Mohamed Diawara,0.225,0.1083,94,26.5
Monte Morris,1,0,1,5,0,6,0,6,8,0,2026,Monte Morris,0.0,0.0,7,0.0
MontÃ© Morris,1,0,1,5,0,6,0,6,8,0,2026,Mont Morris,0.0,0.0,7,0.0
Moritz Wagner,27,16,11,93,3,86,16,68,144,17,2026,Moritz Wagner,0.172,0.1111,113,40.0
Moses Moody,51,25,26,128,8,149,35,114,276,29,2026,Moses Moody,0.1953,0.1268,200,72.5
Mouhamadou Gueye,2,2,0,5,0,4,0,4,8,2,2026,Mouhamadou Gueye,0.4,0.0,6,3.0
Mouhamed Gueye,89,64,25,215,6,186,60,126,324,30,2026,Mouhamed Gueye,0.2977,0.1852,275,156.0
Moussa Cisse,89,62,27,210,8,126,41,86,238,23,2026,Moussa Cisse,0.2952,0.1723,215,134.0
Moussa Diabate,273,198,75,795,34,362,99,263,697,119,2026,Moussa Diabate,0.2491,0.142,635,396.0
Moussa DiabatÃ©,273,198,75,795,34,362,99,263,697,119,2026,Moussa Diabat,0.2491,0.142,635,396.0
Myles Turner,74,45,28,169,5,296,111,185,621,92,2026,Myles Turner,0.2663,0.1787,370,178.5
Myron Gardner,39,21,18,110,3,83,15,67,127,11,2026,Myron Gardner,0.1909,0.1181,122,46.5
N'Faly Dante,3,3,0,5,0,4,1,3,5,0,2026,N'Faly Dante,0.6,0.2,7,5.5
Nae'Qwan Tomlin,85,58,27,190,11,100,22,78,189,20,2026,Nae'Qwan Tomlin,0.3053,0.1164,185,109.0
Naji Marshall,65,33,32,158,4,281,50,230,458,46,2026,Naji Marshall,0.2089,0.1092,346,99.5
Nate Williams,17,9,8,33,2,10,0,10,19,3,2026,Nate Williams,0.2727,0.0,27,13.5
Naz Reid,86,50,36,209,7,379,126,253,606,61,2026,Naz Reid,0.2392,0.2079,465,201.0
Neemias Queta,230,169,61,504,12,406,164,242,753,111,2026,Neemias Queta,0.3353,0.2178,636,417.5
Nic Claxton,168,112,56,397,8,310,92,218,529,45,2026,Nic Claxton,0.2821,0.1739,478,260.0
Nick Richards,77,59,16,209,4,166,52,107,279,23,2026,Nick Richards,0.2823,0.1864,243,140.5
Nick Smith Jr.,3,0,3,8,1,20,2,18,34,2,2026,Nick Smith Jr.,0.0,0.0588,23,2.0
Nickeil Alexander-Walker,52,19,33,173,8,216,44,172,380,31,2026,Nickeil Alexander-Walker,0.1098,0.1158,268,72.5
Nicolas Batum,23,7,16,56,0,161,36,125,259,25,2026,Nicolas Batum,0.125,0.139,184,46.5
Nigel Hayes,12,5,7,25,2,21,2,19,29,0,2026,Nigel Hayes,0.2,0.069,33,9.5
Nigel Hayes-Davis,12,5,7,25,2,21,2,19,29,0,2026,Nigel Hayes-Davis,0.2,0.069,33,9.5
Nikola JokiÄ‡,192,135,55,390,5,644,254,386,972,97,2026,Nikola Joki,0.3462,0.2613,836,456.5
Nikola JoviÄ‡,24,15,9,60,1,127,40,87,236,31,2026,Nikola Jovi,0.25,0.1695,151,62.5
Nikola TopiÄ‡,7,4,3,14,1,12,4,8,23,1,2026,Nikola Topi,0.2857,0.1739,19,10.0
Nikola Vucevic,125,78,47,268,9,412,139,273,648,61,2026,Nikola Vucevic,0.291,0.2145,537,256.0
Nikola VuÄeviÄ‡,125,78,47,268,9,412,139,273,648,61,2026,Nikola Vuevi,0.291,0.2145,537,256.0
Nique Clifford,65,27,38,153,5,217,36,181,376,34,2026,Nique Clifford,0.1765,0.0957,282,76.5
Noah Clowney,52,25,27,128,5,221,57,164,399,38,2026,Noah Clowney,0.1953,0.1429,273,94.5
Noah Penda,67,37,30,128,3,120,31,88,203,16,2026,Noah Penda,0.2891,0.1527,187,86.5
Nolan Traore,14,5,9,55,3,85,22,63,175,15,2026,Nolan Traore,0.0909,0.1257,99,29.5
Norchad Omier,4,2,2,9,0,3,1,2,5,0,2026,Norchad Omier,0.2222,0.2,7,4.0
Norman Powell,22,5,17,72,1,175,51,124,292,30,2026,Norman Powell,0.0694,0.1747,197,58.5
Obi Toppin,13,8,5,39,1,93,17,76,126,6,2026,Obi Toppin,0.2051,0.1349,106,29.0
Ochai Agbaji,46,24,22,106,4,95,30,65,169,18,2026,Ochai Agbaji,0.2264,0.1775,141,66.0
OG Anunoby,85,42,43,201,10,266,90,176,444,44,2026,OG Anunoby,0.209,0.2027,351,153.0
Olivier Sarr,2,1,1,5,0,9,4,5,15,2,2026,Olivier Sarr,0.2,0.2667,11,5.5
Olivier-Maxence Prosper,59,40,19,159,5,128,33,95,255,35,2026,Olivier-Maxence Prosper,0.2516,0.1294,187,93.0
Omer Yurtseven,13,7,6,29,1,17,5,12,34,1,2026,Omer Yurtseven,0.2414,0.1471,30,15.5
Onyeka Okongwu,140,90,50,306,9,422,135,287,705,76,2026,Onyeka Okongwu,0.2941,0.1915,562,270.0
Orlando Robinson,2,1,1,5,0,2,0,2,3,0,2026,Orlando Robinson,0.2,0.0,4,1.5
Oscar Tshiebwe,77,52,25,194,5,102,41,61,171,13,2026,Oscar Tshiebwe,0.268,0.2398,179,119.0
Oso Ighodaro,138,88,46,294,6,280,89,185,498,56,2026,Oso Ighodaro,0.2993,0.1787,418,221.0
Ousmane Dieng,29,21,8,56,2,151,38,113,239,21,2026,Ousmane Dieng,0.375,0.159,180,69.5
P.J. Washington,84,43,41,194,7,310,70,237,490,39,2026,P.J. Washington,0.2216,0.1429,394,134.5
PacÃ´me Dadiet,4,3,1,12,0,23,3,20,34,4,2026,Pacme Dadiet,0.25,0.0882,27,7.5
Paolo Banchero,85,43,41,250,8,519,105,412,772,64,2026,Paolo Banchero,0.172,0.136,604,169.5
Pascal Siakam,89,53,36,211,5,322,63,259,499,47,2026,Pascal Siakam,0.2512,0.1263,411,142.5
Pat Connaughton,15,6,9,34,3,46,16,30,77,5,2026,Pat Connaughton,0.1765,0.2078,61,25.0
Pat Spencer,51,17,34,106,3,105,19,86,198,23,2026,Pat Spencer,0.1604,0.096,156,44.5
Patrick Baldwin Jr.,12,5,7,18,1,11,3,8,22,2,2026,Patrick Baldwin Jr.,0.2778,0.1364,23,10.5
Patrick Williams,49,25,24,141,7,166,54,112,269,19,2026,Patrick Williams,0.1773,0.2007,215,91.5
Paul George,20,11,9,64,1,176,33,144,322,32,2026,Paul George,0.1719,0.1025,196,49.5
Paul Reed,123,90,32,224,6,157,59,98,296,35,2026,Paul Reed,0.4018,0.1993,280,194.0
Payton Pritchard,69,21,48,185,10,243,38,205,436,49,2026,Payton Pritchard,0.1135,0.0872,312,69.5
Payton Sandfort,1,1,0,1,0,9,1,8,12,0,2026,Payton Sandfort,1.0,0.0833,10,2.5
Pelle Larsson,68,32,36,180,7,172,40,131,280,26,2026,Pelle Larsson,0.1778,0.1429,240,88.0
Pete Nance,27,12,15,73,2,98,21,77,168,17,2026,Pete Nance,0.1644,0.125,125,39.0
Peyton Watson,49,20,29,128,9,215,47,168,363,39,2026,Peyton Watson,0.1562,0.1295,264,77.0
PJ Hall,33,24,9,73,3,42,14,28,76,5,2026,PJ Hall,0.3288,0.1842,75,50.0
Precious Achiuwa,177,127,50,378,17,315,105,210,525,57,2026,Precious Achiuwa,0.336,0.2,492,295.5
Quentin Grimes,46,14,32,119,4,227,51,176,408,46,2026,Quentin Grimes,0.1176,0.125,273,72.0
Quenton Jackson,28,8,20,72,3,86,12,74,159,18,2026,Quenton Jackson,0.1111,0.0755,114,24.0
Quinten Post,66,34,31,147,5,197,58,139,390,52,2026,Quinten Post,0.2313,0.1487,263,109.0
Rasheer Fleming,54,34,20,105,4,64,18,46,115,9,2026,Rasheer Fleming,0.3238,0.1565,118,69.0
Rayan Rupert,48,25,23,115,4,140,22,118,242,27,2026,Rayan Rupert,0.2174,0.0909,188,59.5
RayJ Dennis,8,2,6,17,1,18,2,16,34,6,2026,RayJ Dennis,0.1176,0.0588,26,5.0
Reed Sheppard,28,6,22,73,5,207,39,167,355,29,2026,Reed Sheppard,0.0822,0.1099,235,48.0
Riley Minix,2,1,1,4,0,4,0,4,9,0,2026,Riley Minix,0.25,0.0,6,1.5
RJ Barrett,55,24,31,153,1,239,48,191,383,32,2026,RJ Barrett,0.1569,0.1253,294,84.0
Rob Dillingham,19,3,16,52,5,110,15,95,165,13,2026,Rob Dillingham,0.0577,0.0909,129,19.5
Robert Williams III,141,89,51,235,7,274,111,163,404,30,2026,Robert Williams III,0.3787,0.2748,415,244.5
Rocco Zikarsky,2,2,0,5,0,12,4,8,18,1,2026,Rocco Zikarsky,0.4,0.2222,14,7.0
Ron Harper Jr.,15,10,5,28,0,33,8,25,52,6,2026,Ron Harper Jr.,0.3571,0.1538,48,23.0
Ronald Holland II,79,34,45,185,2,231,50,181,362,26,2026,Ronald Holland II,0.1838,0.1381,310,101.0
Royce O'Neale,59,11,48,156,6,309,78,229,495,45,2026,Royce O'Neale,0.0705,0.1576,368,94.5
Rudy Gobert,292,171,119,622,15,555,168,386,922,95,2026,Rudy Gobert,0.2749,0.1822,847,424.5
Rui Hachimura,41,14,27,91,2,185,42,142,324,25,2026,Rui Hachimura,0.1538,0.1296,226,63.0
Russell Westbrook,80,41,38,176,3,268,53,214,392,25,2026,Russell Westbrook,0.233,0.1352,348,114.5
Ryan Dunn,99,41,54,215,9,198,48,143,326,30,2026,Ryan Dunn,0.1907,0.1472,297,109.5
Ryan Kalkbrenner,167,129,38,392,15,210,98,112,465,77,2026,Ryan Kalkbrenner,0.3291,0.2108,377,291.5
Ryan Nembhard,13,4,9,37,0,118,14,104,198,17,2026,Ryan Nembhard,0.1081,0.0707,131,20.0
Ryan Rollins,53,15,38,145,4,278,62,216,492,41,2026,Ryan Rollins,0.1034,0.126,331,84.5
Saddiq Bey,121,63,58,252,7,279,58,221,447,39,2026,Saddiq Bey,0.25,0.1298,400,152.5
Sam Hauser,56,17,39,123,2,244,44,200,415,32,2026,Sam Hauser,0.1382,0.106,300,69.5
Sam Merrill,26,7,18,64,1,105,21,84,216,20,2026,Sam Merrill,0.1094,0.0972,131,31.5
Sandro Mamukelashvili,107,67,40,241,8,286,70,216,509,59,2026,Sandro Mamukelashvili,0.278,0.1375,393,170.5
Santi Aldama,67,44,22,155,4,220,44,176,355,41,2026,Santi Aldama,0.2839,0.1239,287,110.0
Scoot Henderson,18,11,7,57,4,62,13,49,124,14,2026,Scoot Henderson,0.193,0.1048,80,29.5
Scottie Barnes,148,83,65,343,8,450,122,328,706,56,2026,Scottie Barnes,0.242,0.1728,598,246.5
Scotty Pippen Jr.,8,2,6,16,1,14,1,13,23,3,2026,Scotty Pippen Jr.,0.125,0.0435,22,4.0
Sean Pedulla,0,0,0,1,0,3,1,2,4,0,2026,Sean Pedulla,0.0,0.25,3,1.0
Seth Curry,4,1,3,8,1,8,2,6,11,0,2026,Seth Curry,0.125,0.1818,12,3.5
Shaedon Sharpe,51,15,36,118,5,166,36,130,276,16,2026,Shaedon Sharpe,0.1271,0.1304,217,58.5
Shai Gilgeous-Alexander,38,10,27,125,6,254,63,191,409,36,2026,Shai Gilgeous-Alexander,0.08,0.154,292,78.0
Sharife Cooper,18,2,16,54,3,68,11,56,117,10,2026,Sharife Cooper,0.037,0.094,86,14.0
Sidy Cissoko,62,29,33,133,5,104,23,81,193,16,2026,Sidy Cissoko,0.218,0.1192,166,66.5
Simone Fontecchio,56,31,25,129,8,153,35,118,258,29,2026,Simone Fontecchio,0.2403,0.1357,209,81.5
Sion James,49,17,32,155,7,238,42,196,403,42,2026,Sion James,0.1097,0.1042,287,67.5
Skal Labissiere,3,0,3,4,0,6,2,4,17,6,2026,Skal Labissiere,0.0,0.1176,9,2.0
Spencer Jones,75,38,37,171,10,134,33,101,246,26,2026,Spencer Jones,0.2222,0.1341,209,90.0
Stephen Curry,17,4,13,63,2,137,30,107,230,19,2026,Stephen Curry,0.0635,0.1304,154,36.0
Stephon Castle,97,56,41,217,5,263,50,213,416,35,2026,Stephon Castle,0.2581,0.1202,360,134.0
Steven Adams,145,104,39,287,11,131,45,85,230,23,2026,Steven Adams,0.3624,0.1957,276,201.0
Svi Mykhailiuk,36,16,20,73,4,88,26,62,140,15,2026,Svi Mykhailiuk,0.2192,0.1857,124,50.0
T.J. McConnell,22,7,15,64,6,102,12,90,158,16,2026,T.J. McConnell,0.1094,0.0759,124,22.5
Taelon Peter,10,2,8,18,0,49,10,39,84,11,2026,Taelon Peter,0.1111,0.119,59,13.0
Taj Gibson,11,10,1,22,0,16,8,8,30,7,2026,Taj Gibson,0.4545,0.2667,27,23.0
Tari Eason,122,59,63,230,5,248,56,191,357,28,2026,Tari Eason,0.2565,0.1569,370,144.5
Taurean Prince,4,1,3,10,1,77,16,61,120,6,2026,Taurean Prince,0.1,0.1333,81,17.5
Taylor Hendricks,64,40,24,142,7,155,46,109,265,17,2026,Taylor Hendricks,0.2817,0.1736,219,106.0
Terance Mann,70,32,38,155,6,130,23,107,246,34,2026,Terance Mann,0.2065,0.0935,200,71.0
Terrence Shannon Jr.,10,6,4,27,1,39,10,29,65,2,2026,Terrence Shannon Jr.,0.2222,0.1538,49,19.0
Thanasis Antetokounmpo,12,9,3,30,0,18,5,13,24,2,2026,Thanasis Antetokounmpo,0.3,0.2083,30,18.5
Thomas Bryant,59,39,20,119,3,146,48,98,268,28,2026,Thomas Bryant,0.3277,0.1791,205,106.5
Tidjane SalaÃ¼n,26,18,8,62,2,123,35,88,183,8,2026,Tidjane Salan,0.2903,0.1913,149,62.0
Tim Hardaway Jr.,17,6,11,56,0,189,51,138,323,28,2026,Tim Hardaway Jr.,0.1071,0.1579,206,60.0
Tobias Harris,54,22,31,135,7,265,63,200,420,35,2026,Tobias Harris,0.163,0.15,319,96.0
Toby Okani,9,4,5,20,1,12,3,9,25,2,2026,Toby Okani,0.2,0.12,21,9.0
Tolu Smith,22,13,9,51,1,27,6,21,43,5,2026,Tolu Smith,0.2549,0.1395,49,25.5
Tony Bradley,60,41,19,135,3,56,16,40,96,9,2026,Tony Bradley,0.3037,0.1667,116,77.5
Tosan Evbuomwan,1,1,0,1,0,1,0,1,2,0,2026,Tosan Evbuomwan,1.0,0.0,2,1.5
Toumani Camara,129,69,60,308,15,292,64,226,524,56,2026,Toumani Camara,0.224,0.1221,421,167.5
Trae Young,4,1,3,11,1,26,2,23,37,3,2026,Trae Young,0.0909,0.0541,30,3.5
Trayce Jackson-Davis,66,43,23,141,3,79,25,53,145,31,2026,Trayce Jackson-Davis,0.305,0.1724,145,89.5
Tre Johnson,29,5,24,65,3,141,18,120,217,19,2026,Tre Johnson,0.0769,0.0829,170,25.5
Tre Jones,38,11,27,117,2,166,18,144,259,16,2026,Tre Jones,0.094,0.0695,204,34.5
Tre Mann,20,6,14,48,1,72,15,57,124,11,2026,Tre Mann,0.125,0.121,92,24.0
Trendon Watford,38,17,21,93,1,137,29,108,219,18,2026,Trendon Watford,0.1828,0.1324,175,54.5
Trentyn Flowers,1,1,0,1,0,0,0,0,0,0,2026,Trentyn Flowers,1.0,0.0,1,1.5
Trevon Scott,10,7,3,26,1,21,7,14,40,6,2026,Trevon Scott,0.2692,0.175,31,17.5
Trevor Keels,0,0,0,0,0,2,0,2,2,0,2026,Trevor Keels,0.0,0.0,2,0.0
Trey Alexander,1,0,1,3,0,10,2,8,19,3,2026,Trey Alexander,0.0,0.1053,11,2.0
Trey Jemison,8,4,4,21,3,10,4,6,22,5,2026,Trey Jemison,0.1905,0.1818,18,10.0
Trey Jemison III,8,4,4,21,3,10,4,6,22,5,2026,Trey Jemison III,0.1905,0.1818,18,10.0
Trey Murphy III,63,32,32,155,2,314,77,237,522,47,2026,Trey Murphy III,0.2065,0.1475,377,125.0
Tristan da Silva,58,18,40,164,3,226,69,156,382,37,2026,Tristan da Silva,0.1098,0.1806,284,96.0
Tristan Enaruna,7,3,4,12,1,7,0,7,10,1,2026,Tristan Enaruna,0.25,0.0,14,4.5
Tristan Vukcevic,32,20,12,77,3,115,27,88,211,27,2026,Tristan Vukcevic,0.2597,0.128,147,57.0
Tristen Newton,2,1,1,5,0,1,0,1,2,0,2026,Tristen Newton,0.2,0.0,3,1.5
Ty Jerome,11,1,10,23,0,31,12,19,53,4,2026,Ty Jerome,0.0435,0.2264,42,13.5
Tyler Burton,8,5,3,29,1,42,8,34,67,0,2026,Tyler Burton,0.1724,0.1194,50,15.5
Tyler Herro,12,5,7,47,3,137,17,120,227,20,2026,Tyler Herro,0.1064,0.0749,149,24.5
Tyler Kolek,16,7,9,43,0,82,13,69,133,12,2026,Tyler Kolek,0.1628,0.0977,98,23.5
Tyler Smith,12,5,7,26,0,21,5,16,36,4,2026,Tyler Smith,0.1923,0.1389,33,12.5
Tyrese Martin,34,13,21,64,3,82,19,63,146,15,2026,Tyrese Martin,0.2031,0.1301,116,38.5
Tyrese Maxey,24,7,17,93,3,266,44,221,454,31,2026,Tyrese Maxey,0.0753,0.0969,290,54.5
Tyrese Proctor,11,3,8,23,2,53,8,45,83,4,2026,Tyrese Proctor,0.1304,0.0964,64,12.5
Tyson Etienne,5,1,4,14,0,22,6,16,50,8,2026,Tyson Etienne,0.0714,0.12,27,7.5
TyTy Washington Jr.,1,1,0,1,0,5,1,4,10,0,2026,TyTy Washington Jr.,1.0,0.1,6,2.5
Tyus Jones,12,0,12,20,0,64,9,55,97,9,2026,Tyus Jones,0.0,0.0928,76,9.0
Victor Wembanyama,130,79,49,237,5,606,183,412,907,81,2026,Victor Wembanyama,0.3333,0.2018,736,301.5
Vince Williams Jr.,39,15,24,82,4,116,26,90,198,17,2026,Vince Williams Jr.,0.1829,0.1313,155,48.5
Vit Krejci,31,14,17,63,2,117,31,86,213,22,2026,Vit Krejci,0.2222,0.1455,148,52.0
VJ Edgecombe,122,69,53,246,6,301,68,233,523,39,2026,VJ Edgecombe,0.2805,0.13,423,171.5
Vladislav Goldin,3,2,1,6,0,6,3,3,8,0,2026,Vladislav Goldin,0.3333,0.375,9,6.0
VÃ­t KrejÄÃ­,31,14,17,63,2,117,31,86,213,22,2026,Vt Krej,0.2222,0.1455,148,52.0
Walker Kessler,23,18,5,49,1,31,7,24,62,10,2026,Walker Kessler,0.3673,0.1129,54,34.0
Walter Clayton Jr.,25,6,19,68,5,114,22,91,217,24,2026,Walter Clayton Jr.,0.0882,0.1014,139,31.0
Wendell Carter Jr.,162,121,40,440,9,415,150,263,751,95,2026,Wendell Carter Jr.,0.275,0.1997,577,331.5
Wendell Moore Jr.,1,1,0,4,0,5,0,5,10,3,2026,Wendell Moore Jr.,0.25,0.0,6,1.5
Will Richard,67,32,35,139,5,105,23,81,187,21,2026,Will Richard,0.2302,0.123,172,71.0
Will Riley,56,22,34,132,3,156,35,120,260,17,2026,Will Riley,0.1667,0.1346,212,68.0
Xavier Tillman,19,11,8,37,0,24,8,16,32,1,2026,Xavier Tillman,0.2973,0.25,43,24.5
Yang Hansen,20,10,10,55,2,46,20,26,98,16,2026,Yang Hansen,0.1818,0.2041,66,35.0
Yanic Konan NiederhÃ¤user,37,25,12,95,7,80,20,60,163,11,2026,Yanic Konan Niederhuser,0.2632,0.1227,117,57.5
Yuki Kawamura,6,0,6,15,0,25,1,24,46,6,2026,Yuki Kawamura,0.0,0.0217,31,1.0
Yves Missi,183,139,44,384,6,202,61,141,415,44,2026,Yves Missi,0.362,0.147,385,269.5
Zaccharie Risacher,71,44,27,166,12,186,48,138,304,31,2026,Zaccharie Risacher,0.2651,0.1579,257,114.0
Zach Collins,16,12,4,44,2,40,15,25,68,9,2026,Zach Collins,0.2727,0.2206,56,33.0
Zach Edey,43,29,14,87,0,79,27,52,133,19,2026,Zach Edey,0.3333,0.203,122,70.5
Zach LaVine,8,2,6,41,3,100,19,81,176,16,2026,Zach LaVine,0.0488,0.108,108,22.0
Zeke Nnaji,33,20,13,91,3,103,27,76,167,11,2026,Zeke Nnaji,0.2198,0.1617,136,57.0
Ziaire Williams,30,11,19,79,5,104,19,85,155,5,2026,Ziaire Williams,0.1392,0.1226,134,35.5
Zion Williamson,125,94,31,297,8,228,81,147,355,33,2026,Zion Williamson,0.3165,0.2282,353,222.0
Zyon Pullin,1,0,1,3,0,2,0,2,7,1,2026,Zyon Pullin,0.0,0.0,3,0.0
